"analysis","sex","exposure","model","framework","N","events","df_complete","df_pooled","m","beta","within_variance","between_variance","total_variance","SE","OR","CI_lower","CI_upper","P_full","P_report","fraction_missing_information","direction","nominal","q","FDR"
"MI_Model3","Female","MBP","Model3","Female_eight_2003_2018",6551,244,124,121.960226556879,50,0.0921395468590808,0.00956719844053279,6.81355467636464e-06,0.00957414826630268,0.0978475767012279,1.09651782702358,0.90342684849858,1.33087847342451,0.348226151092629,"0.348",0.0167193695442057,"POSITIVE",FALSE,0.700248388407636,FALSE
"MI_Model3","Female","MBzP","Model3","Female_eight_2003_2018",6551,244,124,121.729501496491,50,0.130804070895881,0.00513860551624816,1.33239130586062e-05,0.00515219590756793,0.0717787984544735,1.13974445032511,0.988771127214891,1.3137695633426,0.0708608052477885,"0.071",0.0186301889994983,"POSITIVE",FALSE,0.530001028318092,FALSE
"MI_Model3","Female","MECPP","Model3","Female_eight_2003_2018",6551,244,124,121.922512404978,50,0.0824073965457317,0.00771117946800689,7.86808934137555e-06,0.00771920491913509,0.0878590059079608,1.08589811086686,0.912543623522051,1.29218447950255,0.350124194203818,"0.350",0.0170329527575667,"POSITIVE",FALSE,0.700248388407636,FALSE
"MI_Model3","Female","MEHHP","Model3","Female_eight_2003_2018",6551,244,124,121.93706143964,50,0.0375004623672863,0.0068428231310265,6.16880857042007e-06,0.00684911531576832,0.0827593820407591,1.0382124771172,0.88132321516184,1.22303047179337,0.65126299668853,"0.651",0.0169120395818451,"POSITIVE",FALSE,0.836758893378536,FALSE
"MI_Model3","Female","MEOHP","Model3","Female_eight_2003_2018",6551,244,124,121.948660294727,50,0.0254168465601488,0.00752719689330777,6.07234348398396e-06,0.00753339068366143,0.0867951074868937,1.02574260869779,0.863809118532502,1.21803286944412,0.770144192640802,"0.770",0.0168155922255201,"POSITIVE",FALSE,0.836758893378536,FALSE
"MI_Model3","Female","MCPP","Model3","Female_eight_2003_2018",6551,244,124,121.920596875529,50,0.0672640611363097,0.00361044416854772,3.74039351082242e-06,0.00361425936992876,0.0601187106475909,1.06957787483697,0.949568405601738,1.20475452173013,0.2654019681727,"0.265",0.0170488667816863,"POSITIVE",FALSE,0.700248388407636,FALSE
"MI_Model3","Female","MEP","Model3","Female_eight_2003_2018",6551,244,124,121.972691020122,50,-0.0639768682962526,0.00336051164974658,2.05079828883614e-06,0.00336260346400119,0.0579879596468197,0.938026697435446,0.836298155954109,1.05212964878274,0.27207821561478,"0.272",0.0166156225823761,"NEGATIVE",FALSE,0.700248388407636,FALSE
"MI_Model3","Female","MiBP","Model3","Female_eight_2003_2018",6551,244,124,121.952130406377,50,-0.020845237058699,0.0101836939048412,7.92656913511226e-06,0.010191779005359,0.100954341191248,0.979370523104114,0.801961061241161,1.19602642557329,0.836758893378536,"0.837",0.0167867283463869,"NEGATIVE",FALSE,0.836758893378536,FALSE
"MI_Model3","Male","MBP","Model3","Male_eight_2003_2018",6477,236,124,121.898352163089,50,0.0857850862275156,0.00758045534303546,9.23004539021874e-06,0.00758986998933348,0.087119859901939,1.08957213908198,0.91697156279948,1.29466113718871,0.326732236549736,"0.327",0.0172335812023886,"POSITIVE",FALSE,0.700248388407636,FALSE
"MI_Model3","Male","MBzP","Model3","Male_eight_2003_2018",6477,236,124,121.801721258661,50,-0.0585535397288472,0.0112715881087995,2.26038113086316e-05,0.0112946439963343,0.106276262619337,0.943127744244208,0.764188000021971,1.16396742939904,0.582673060278337,"0.583",0.0180340187013504,"NEGATIVE",FALSE,0.836758893378536,FALSE
"MI_Model3","Male","MECPP","Model3","Male_eight_2003_2018",6477,236,124,121.925113949236,50,-0.0465588732299052,0.00838348520247941,8.37594137010709e-06,0.00839202866267692,0.0916080163668929,0.954508363925392,0.796198138057142,1.14429583950891,0.612203244706355,"0.612",0.0170113373687353,"NEGATIVE",FALSE,0.836758893378536,FALSE
"MI_Model3","Male","MEHHP","Model3","Male_eight_2003_2018",6477,236,124,121.950441373405,50,-0.0600601893754297,0.00740392121436163,5.86511870673115e-06,0.00740990363544249,0.0860807971352641,0.94170785107103,0.794163103695805,1.11666441394953,0.486681224790847,"0.487",0.0168007779951158,"NEGATIVE",FALSE,0.836758893378536,FALSE
"MI_Model3","Male","MEOHP","Model3","Male_eight_2003_2018",6477,236,124,121.955005542069,50,-0.0331349087928672,0.00826141171488064,6.23619536337969e-06,0.00826777263415129,0.0909272931201149,0.967408038934295,0.808046855720708,1.15819807622415,0.716182182900536,"0.716",0.0167628102325933,"NEGATIVE",FALSE,0.836758893378536,FALSE
"MI_Model3","Male","MCPP","Model3","Male_eight_2003_2018",6477,236,124,121.987172803541,50,-0.155627736598542,0.0125098645470768,6.15251688195787e-06,0.0125161401142964,0.11187555637536,0.855877743034445,0.685849675176701,1.06805723985071,0.166733503582217,"0.167",0.0164950168267697,"NEGATIVE",FALSE,0.700248388407636,FALSE
"MI_Model3","Male","MEP","Model3","Male_eight_2003_2018",6477,236,124,121.998127850678,50,-0.0157857974213708,0.00420563848371145,1.6914217151468e-06,0.0042073637338609,0.0648641945441466,0.984338145243784,0.865722406306537,1.11920585296587,0.808129929234186,"0.808",0.0164037335700588,"NEGATIVE",FALSE,0.836758893378536,FALSE
"MI_Model3","Male","MiBP","Model3","Male_eight_2003_2018",6477,236,124,121.980046969122,50,-0.0392778043505643,0.0103862649667154,5.71351445883461e-06,0.0103920927514634,0.101941614424451,0.96148356772345,0.785777392338215,1.17647906393865,0.7006883938279,"0.701",0.016554370612383,"NEGATIVE",FALSE,0.836758893378536,FALSE
"MI_Model3","Female","MCNP","Model3","Female_ten_2005_2018",5831,220,109,106.99223498395,50,0.103475301485878,0.0108438476881123,6.20848429791841e-06,0.0108501803420962,0.104164198946165,1.10901840192014,0.902110513735304,1.36338264222735,0.32276300547786,"0.323",0.0187561343129988,"POSITIVE",FALSE,0.700248388407636,FALSE
"MI_Model3","Female","MCOP","Model3","Female_ten_2005_2018",5831,220,109,106.94028947942,50,-0.0441426973855025,0.00597262459625611,6.31167840696211e-06,0.00597906250823121,0.0773243978846988,0.956817412387814,0.820837370175792,1.11532392884652,0.569280918243,"0.569",0.0192488479878879,"NEGATIVE",FALSE,0.836758893378536,FALSE
"MI_Model3","Male","MCNP","Model3","Male_ten_2005_2018",5762,213,109,107.001993374058,50,-0.351001484758569,0.014940136955583,7.19371239557947e-06,0.0149474745422265,0.122259864805367,0.703982708610486,0.55246380670911,0.897057233440636,0.00493390367935885,"0.005",0.018663454964022,"NEGATIVE",TRUE,0.098678073587177,FALSE
"MI_Model3","Male","MCOP","Model3","Male_ten_2005_2018",5762,213,109,106.992593756262,50,-0.148529807191611,0.00703407981939062,4.00371863413192e-06,0.00703816361239744,0.0838937638468882,0.861974313754042,0.729905984744119,1.01793893063121,0.0795001542477137,"0.080",0.018752727577106,"NEGATIVE",FALSE,0.530001028318092,FALSE
