pa,file,portable_sha256
CORE,expected/core_counts.csv,D6C3390B06606507418019734E112A0AD31BA4DEC927B3FA1FAB8EA8B2B8CB62
CORE,expected/domain_membership_sha256.csv,4A46DCE8E37727D900BFACB0554DFAA3411DA2BCF24AFC2DF9005D5B649FDC57
PA-026,expected/PA-026/primary_all_models.csv,058E429B17EAA0CAD9FC69434705C05ED1B5B43159CFF9DF36161D673857078D
PA-027,expected/PA-027/primary_all_models.csv,058E429B17EAA0CAD9FC69434705C05ED1B5B43159CFF9DF36161D673857078D
PA-028,expected/PA-028/common_cycle.csv,54E706651E6DF033F546FD270F9EB4071F63C0C1727F20D0949051EE90CCDD26
PA-029,expected/PA-029/cycle_adjusted.csv,285948B8E969609E8206DF20F438EB818143071006FF6691D1556066BF5E39F5
PA-030,expected/PA-030/sex_interaction.csv,E2CDDD519C8EB3CDFC5CFD19BC61269E6F5737A8DBABC922C664B853CECB386D
PA-031,expected/PA-031/RCS.csv,1C410377F15A2F25745BE2E72AA63FB489D74E52BE32153B01736EA0ED75DE2E
PA-032,expected/PA-032/grouped.csv,4501271523D101B4B0F512468101044AE779E8BC559F8816FB73C308820828DE
PA-033,expected/PA-033/male_subgroup_global.csv,57EFECF27F8500C37B2D4ADEC399E3CB6F03BDA75BBFCA557C1B642C248FC405
PA-034,expected/PA-034/era_interaction.csv,4761A61E09761136718EECD68BEDC370DE7B723A0632C5E176B43796C9F8160C
PA-034,expected/PA-034/era_stratified.csv,39517633CBD3D2802EBE2D6810ABEA41DB5DB58A249073A9B1619C4F3BCF5EB8
PA-035,expected/PA-035/MI_Model3.csv,0282FB09B975EF43E072AC1E302E7B1B2B0A07C00EFFC8925F786B176AFF9156
PA-036,expected/PA-036/WQS_effects.csv,84B2F3B1FE2E9F834FA8E275EB0F07DC43572825F5FDED3CFC10BB4AC5007D4B
PA-036,expected/PA-036/WQS_weights.csv,4DA48E4A5B36E0975A4B3EF3FF22E7B1EA0B0CB93A0F7F8E3020E1461BB7B301
PA-037,expected/PA-037/qgcomp_component_weights.csv,74F788EAE444989F0FF64089886908CE4A0873C67A0DE01E3CEDFD6CDE494880
PA-037,expected/PA-037/qgcomp_effects.csv,5CCCD46374F23FAA413ACA560B59F2A0AE9914CAD3FB7CDBB77E82CA642E9A42
PA-039,expected/PA-039/table1_canonical_full_precision.csv,D1E6A9D6B4B6365FC6B147CE0400695FEA032F33DF4A09F5CC6559140DD77DF2
PA-039,expected/PA-039/table1_display.csv,E18C95596D34DF9E5661A574FE089FBEBC89F6BB93AE04198DC0FADEB50F650F
PA-039,expected/PA-039/table1_raw_descriptives_full_precision.csv,D1336CFD5157A356FC0BF8216968670D55975CA71252586936CC044334202922
PA-039,expected/PA-039/table1_test_details_full_precision.csv,D8691EE040B7F355AC292B92487ECD590365FDA474BCDE417B225BA4C5DF8C06
PA-040,expected/PA-040/participant_flow_manuscript_source.csv,338FEE80F9737846AA58499208FBF9ADBBFDCB476D6D06973B225DFBEFCE0367
PA-041,expected/PA-041/included_excluded_selection.csv,18C3C596792A2B1BFAFE5D02A4C80DF4EBC0228E481ABA96581257F4C6F8B990
