"cycle","variable","metabolite","below_LOD_n","released_values","official_lod","hardcoded_lod","constant_equal","expected_lod_sqrt2","hardcoded_replacement","exact_mismatch_n","missing_below_flag_value_n","max_abs_discrepancy","status"
"2003_2004","URXMBP","MBP",12,"0.3",0.4,0.4,TRUE,0.282842712474619,0.282842712474619,12,0,0.017157287525381,"EXACT_COMPARISON_ONLY_PENDING_RELEASE_PRECISION_REVIEW"
"2003_2004","URXMZP","MBzP",9,"0.056",0.072,0.072,TRUE,0.0509116882454314,0.0509116882454314,9,0,0.00508831175456859,"EXACT_COMPARISON_ONLY_PENDING_RELEASE_PRECISION_REVIEW"
"2003_2004","URXECP","MECPP",1,"0.2",0.25,0.25,TRUE,0.176776695296637,0.176776695296637,1,0,0.0232233047033631,"EXACT_COMPARISON_ONLY_PENDING_RELEASE_PRECISION_REVIEW"
"2003_2004","URXMHH","MEHHP",7,"0.2",0.32,0.32,TRUE,0.226274169979695,0.226274169979695,7,0,0.0262741699796952,"EXACT_COMPARISON_ONLY_PENDING_RELEASE_PRECISION_REVIEW"
"2003_2004","URXMOH","MEOHP",22,"0.4",0.45,0.45,TRUE,0.318198051533946,0.318198051533946,22,0,0.0818019484660537,"EXACT_COMPARISON_ONLY_PENDING_RELEASE_PRECISION_REVIEW"
"2003_2004","URXMC1","MCPP",36,"0.1",0.16,0.16,TRUE,0.113137084989848,0.113137084989848,36,0,0.0131370849898476,"EXACT_COMPARISON_ONLY_PENDING_RELEASE_PRECISION_REVIEW"
"2003_2004","URXMEP","MEP",0,"",0.264,0.264,TRUE,0.186676190233249,0.186676190233249,0,0,0,"EXACT_COMPARISON_ONLY_PENDING_RELEASE_PRECISION_REVIEW"
"2003_2004","URXMIB","MiBP",66,"0.2",0.26,0.26,TRUE,0.183847763108502,0.183847763108502,66,0,0.0161522368914977,"EXACT_COMPARISON_ONLY_PENDING_RELEASE_PRECISION_REVIEW"
"2005_2006","URXMBP","MBP",7,"0.42",0.6,0.6,TRUE,0.424264068711928,0.424264068711928,7,0,0.00426406871192847,"EXACT_COMPARISON_ONLY_PENDING_RELEASE_PRECISION_REVIEW"
"2005_2006","URXMZP","MBzP",29,"0.1527",0.216,0.216,TRUE,0.152735064736294,0.152735064736294,29,0,3.50647362942491e-05,"EXACT_COMPARISON_ONLY_PENDING_RELEASE_PRECISION_REVIEW"
"2005_2006","URXECP","MECPP",1,"0.42",0.6,0.6,TRUE,0.424264068711928,0.424264068711928,1,0,0.00426406871192847,"EXACT_COMPARISON_ONLY_PENDING_RELEASE_PRECISION_REVIEW"
"2005_2006","URXMHH","MEHHP",10,"0.49",0.7,0.7,TRUE,0.494974746830583,0.494974746830583,10,0,0.00497474683058319,"EXACT_COMPARISON_ONLY_PENDING_RELEASE_PRECISION_REVIEW"
"2005_2006","URXMOH","MEOHP",26,"0.49",0.7,0.7,TRUE,0.494974746830583,0.494974746830583,26,0,0.00497474683058319,"EXACT_COMPARISON_ONLY_PENDING_RELEASE_PRECISION_REVIEW"
"2005_2006","URXMC1","MCPP",79,"0.14",0.2,0.2,TRUE,0.14142135623731,0.14142135623731,79,0,0.00142135623730949,"EXACT_COMPARISON_ONLY_PENDING_RELEASE_PRECISION_REVIEW"
"2005_2006","URXMEP","MEP",6,"0.3734",0.528,0.528,TRUE,0.373352380466497,0.373352380466497,6,0,4.76195335029073e-05,"EXACT_COMPARISON_ONLY_PENDING_RELEASE_PRECISION_REVIEW"
"2005_2006","URXMIB","MiBP",53,"0.21",0.3,0.3,TRUE,0.212132034355964,0.212132034355964,53,0,0.00213203435596424,"EXACT_COMPARISON_ONLY_PENDING_RELEASE_PRECISION_REVIEW"
"2005_2006","URXCNP","MCNP",228,"0.42",0.6,0.6,TRUE,0.424264068711928,0.424264068711928,228,0,0.00426406871192847,"EXACT_COMPARISON_ONLY_PENDING_RELEASE_PRECISION_REVIEW"
"2005_2006","URXCOP","MCOP",101,"0.49",0.7,0.7,TRUE,0.494974746830583,0.494974746830583,101,0,0.00497474683058319,"EXACT_COMPARISON_ONLY_PENDING_RELEASE_PRECISION_REVIEW"
"2007_2008","URXMBP","MBP",19,"0.42",0.6,0.6,TRUE,0.424264068711928,0.424264068711928,19,0,0.00426406871192847,"EXACT_COMPARISON_ONLY_PENDING_RELEASE_PRECISION_REVIEW"
"2007_2008","URXMZP","MBzP",46,"0.1527",0.216,0.216,TRUE,0.152735064736294,0.152735064736294,46,0,3.50647362942491e-05,"EXACT_COMPARISON_ONLY_PENDING_RELEASE_PRECISION_REVIEW"
"2007_2008","URXECP","MECPP",2,"0.35",0.5,0.5,TRUE,0.353553390593274,0.353553390593274,2,0,0.00355339059327375,"EXACT_COMPARISON_ONLY_PENDING_RELEASE_PRECISION_REVIEW"
"2007_2008","URXMHH","MEHHP",20,"0.49",0.7,0.7,TRUE,0.494974746830583,0.494974746830583,20,0,0.00497474683058319,"EXACT_COMPARISON_ONLY_PENDING_RELEASE_PRECISION_REVIEW"
"2007_2008","URXMOH","MEOHP",44,"0.42",0.6,0.6,TRUE,0.424264068711928,0.424264068711928,44,0,0.00426406871192847,"EXACT_COMPARISON_ONLY_PENDING_RELEASE_PRECISION_REVIEW"
"2007_2008","URXMC1","MCPP",62,"0.14",0.2,0.2,TRUE,0.14142135623731,0.14142135623731,62,0,0.00142135623730949,"EXACT_COMPARISON_ONLY_PENDING_RELEASE_PRECISION_REVIEW"
"2007_2008","URXMEP","MEP",0,"",0.462,0.462,TRUE,0.326683332908185,0.326683332908185,0,0,0,"EXACT_COMPARISON_ONLY_PENDING_RELEASE_PRECISION_REVIEW"
"2007_2008","URXMIB","MiBP",47,"0.21",0.3,0.3,TRUE,0.212132034355964,0.212132034355964,47,0,0.00213203435596424,"EXACT_COMPARISON_ONLY_PENDING_RELEASE_PRECISION_REVIEW"
"2007_2008","URXCNP","MCNP",249,"0.35",0.5,0.5,TRUE,0.353553390593274,0.353553390593274,249,0,0.00355339059327375,"EXACT_COMPARISON_ONLY_PENDING_RELEASE_PRECISION_REVIEW"
"2007_2008","URXCOP","MCOP",94,"0.49",0.7,0.7,TRUE,0.494974746830583,0.494974746830583,94,0,0.00497474683058319,"EXACT_COMPARISON_ONLY_PENDING_RELEASE_PRECISION_REVIEW"
"2009_2010","URXMBP","MBP",12,"0.28",0.4,0.4,TRUE,0.282842712474619,0.282842712474619,12,0,0.00284271247461898,"EXACT_COMPARISON_ONLY_PENDING_RELEASE_PRECISION_REVIEW"
"2009_2010","URXMZP","MBzP",14,"0.15",0.216,0.216,TRUE,0.152735064736294,0.152735064736294,14,0,0.00273506473629426,"EXACT_COMPARISON_ONLY_PENDING_RELEASE_PRECISION_REVIEW"
"2009_2010","URXECP","MECPP",1,"0.14",0.2,0.2,TRUE,0.14142135623731,0.14142135623731,1,0,0.00142135623730949,"EXACT_COMPARISON_ONLY_PENDING_RELEASE_PRECISION_REVIEW"
"2009_2010","URXMHH","MEHHP",2,"0.14",0.2,0.2,TRUE,0.14142135623731,0.14142135623731,2,0,0.00142135623730949,"EXACT_COMPARISON_ONLY_PENDING_RELEASE_PRECISION_REVIEW"
"2009_2010","URXMOH","MEOHP",8,"0.14",0.2,0.2,TRUE,0.14142135623731,0.14142135623731,8,0,0.00142135623730949,"EXACT_COMPARISON_ONLY_PENDING_RELEASE_PRECISION_REVIEW"
"2009_2010","URXMC1","MCPP",77,"0.14",0.2,0.2,TRUE,0.14142135623731,0.14142135623731,77,0,0.00142135623730949,"EXACT_COMPARISON_ONLY_PENDING_RELEASE_PRECISION_REVIEW"
"2009_2010","URXMEP","MEP",0,"",0.462,0.462,TRUE,0.326683332908185,0.326683332908185,0,0,0,"EXACT_COMPARISON_ONLY_PENDING_RELEASE_PRECISION_REVIEW"
"2009_2010","URXMIB","MiBP",5,"0.14",0.2,0.2,TRUE,0.14142135623731,0.14142135623731,5,0,0.00142135623730949,"EXACT_COMPARISON_ONLY_PENDING_RELEASE_PRECISION_REVIEW"
"2009_2010","URXCNP","MCNP",30,"0.14",0.2,0.2,TRUE,0.14142135623731,0.14142135623731,30,0,0.00142135623730949,"EXACT_COMPARISON_ONLY_PENDING_RELEASE_PRECISION_REVIEW"
"2009_2010","URXCOP","MCOP",5,"0.14",0.2,0.2,TRUE,0.14142135623731,0.14142135623731,5,0,0.00142135623730949,"EXACT_COMPARISON_ONLY_PENDING_RELEASE_PRECISION_REVIEW"
"2011_2012","URXMBP","MBP",139,"0.28",0.4,0.4,TRUE,0.282842712474619,0.282842712474619,139,0,0.00284271247461898,"EXACT_COMPARISON_ONLY_PENDING_RELEASE_PRECISION_REVIEW"
"2011_2012","URXMZP","MBzP",46,"0.21",0.3,0.3,TRUE,0.212132034355964,0.212132034355964,46,0,0.00213203435596424,"EXACT_COMPARISON_ONLY_PENDING_RELEASE_PRECISION_REVIEW"
"2011_2012","URXECP","MECPP",7,"0.14",0.2,0.2,TRUE,0.14142135623731,0.14142135623731,7,0,0.00142135623730949,"EXACT_COMPARISON_ONLY_PENDING_RELEASE_PRECISION_REVIEW"
"2011_2012","URXMHH","MEHHP",6,"0.14",0.2,0.2,TRUE,0.14142135623731,0.14142135623731,6,0,0.00142135623730949,"EXACT_COMPARISON_ONLY_PENDING_RELEASE_PRECISION_REVIEW"
"2011_2012","URXMOH","MEOHP",9,"0.14",0.2,0.2,TRUE,0.14142135623731,0.14142135623731,9,0,0.00142135623730949,"EXACT_COMPARISON_ONLY_PENDING_RELEASE_PRECISION_REVIEW"
"2011_2012","URXMC1","MCPP",40,"0.14",0.2,0.2,TRUE,0.14142135623731,0.14142135623731,40,0,0.00142135623730949,"EXACT_COMPARISON_ONLY_PENDING_RELEASE_PRECISION_REVIEW"
"2011_2012","URXMEP","MEP",3,"0.42",0.6,0.6,TRUE,0.424264068711928,0.424264068711928,3,0,0.00426406871192847,"EXACT_COMPARISON_ONLY_PENDING_RELEASE_PRECISION_REVIEW"
"2011_2012","URXMIB","MiBP",25,"0.14",0.2,0.2,TRUE,0.14142135623731,0.14142135623731,25,0,0.00142135623730949,"EXACT_COMPARISON_ONLY_PENDING_RELEASE_PRECISION_REVIEW"
"2011_2012","URXCNP","MCNP",19,"0.14",0.2,0.2,TRUE,0.14142135623731,0.14142135623731,19,0,0.00142135623730949,"EXACT_COMPARISON_ONLY_PENDING_RELEASE_PRECISION_REVIEW"
"2011_2012","URXCOP","MCOP",0,"",0.2,0.2,TRUE,0.14142135623731,0.14142135623731,0,0,0,"EXACT_COMPARISON_ONLY_PENDING_RELEASE_PRECISION_REVIEW"
"2013_2014","URXMBP","MBP",43,"0.28",0.4,0.4,TRUE,0.282842712474619,0.282842712474619,43,0,0.00284271247461898,"EXACT_COMPARISON_ONLY_PENDING_RELEASE_PRECISION_REVIEW"
"2013_2014","URXMZP","MBzP",64,"0.21",0.3,0.3,TRUE,0.212132034355964,0.212132034355964,64,0,0.00213203435596424,"EXACT_COMPARISON_ONLY_PENDING_RELEASE_PRECISION_REVIEW"
"2013_2014","URXECP","MECPP",6,"0.28",0.4,0.4,TRUE,0.282842712474619,0.282842712474619,6,0,0.00284271247461898,"EXACT_COMPARISON_ONLY_PENDING_RELEASE_PRECISION_REVIEW"
"2013_2014","URXMHH","MEHHP",19,"0.28",0.4,0.4,TRUE,0.282842712474619,0.282842712474619,19,0,0.00284271247461898,"EXACT_COMPARISON_ONLY_PENDING_RELEASE_PRECISION_REVIEW"
"2013_2014","URXMOH","MEOHP",13,"0.14",0.2,0.2,TRUE,0.14142135623731,0.14142135623731,13,0,0.00142135623730949,"EXACT_COMPARISON_ONLY_PENDING_RELEASE_PRECISION_REVIEW"
"2013_2014","URXMC1","MCPP",276,"0.28",0.4,0.4,TRUE,0.282842712474619,0.282842712474619,276,0,0.00284271247461898,"EXACT_COMPARISON_ONLY_PENDING_RELEASE_PRECISION_REVIEW"
"2013_2014","URXMEP","MEP",6,"0.85",1.2,1.2,TRUE,0.848528137423857,0.848528137423857,6,0,0.00147186257614307,"EXACT_COMPARISON_ONLY_PENDING_RELEASE_PRECISION_REVIEW"
"2013_2014","URXMIB","MiBP",72,"0.57",0.8,0.8,TRUE,0.565685424949238,0.565685424949238,72,0,0.00431457505076194,"EXACT_COMPARISON_ONLY_PENDING_RELEASE_PRECISION_REVIEW"
"2013_2014","URXCNP","MCNP",33,"0.14",0.2,0.2,TRUE,0.14142135623731,0.14142135623731,33,0,0.00142135623730949,"EXACT_COMPARISON_ONLY_PENDING_RELEASE_PRECISION_REVIEW"
"2013_2014","URXCOP","MCOP",3,"0.21",0.3,0.3,TRUE,0.212132034355964,0.212132034355964,3,0,0.00213203435596424,"EXACT_COMPARISON_ONLY_PENDING_RELEASE_PRECISION_REVIEW"
"2015_2016","URXMBP","MBP",21,"0.28",0.4,0.4,TRUE,0.282842712474619,0.282842712474619,21,0,0.00284271247461898,"EXACT_COMPARISON_ONLY_PENDING_RELEASE_PRECISION_REVIEW"
"2015_2016","URXMZP","MBzP",62,"0.21",0.3,0.3,TRUE,0.212132034355964,0.212132034355964,62,0,0.00213203435596424,"EXACT_COMPARISON_ONLY_PENDING_RELEASE_PRECISION_REVIEW"
"2015_2016","URXECP","MECPP",6,"0.28",0.4,0.4,TRUE,0.282842712474619,0.282842712474619,6,0,0.00284271247461898,"EXACT_COMPARISON_ONLY_PENDING_RELEASE_PRECISION_REVIEW"
"2015_2016","URXMHH","MEHHP",14,"0.28",0.4,0.4,TRUE,0.282842712474619,0.282842712474619,14,0,0.00284271247461898,"EXACT_COMPARISON_ONLY_PENDING_RELEASE_PRECISION_REVIEW"
"2015_2016","URXMOH","MEOHP",16,"0.14",0.2,0.2,TRUE,0.14142135623731,0.14142135623731,16,0,0.00142135623730949,"EXACT_COMPARISON_ONLY_PENDING_RELEASE_PRECISION_REVIEW"
"2015_2016","URXMC1","MCPP",538,"0.28",0.4,0.4,TRUE,0.282842712474619,0.282842712474619,538,0,0.00284271247461898,"EXACT_COMPARISON_ONLY_PENDING_RELEASE_PRECISION_REVIEW"
"2015_2016","URXMEP","MEP",12,"0.85",1.2,1.2,TRUE,0.848528137423857,0.848528137423857,12,0,0.00147186257614307,"EXACT_COMPARISON_ONLY_PENDING_RELEASE_PRECISION_REVIEW"
"2015_2016","URXMIB","MiBP",46,"0.57",0.8,0.8,TRUE,0.565685424949238,0.565685424949238,46,0,0.00431457505076194,"EXACT_COMPARISON_ONLY_PENDING_RELEASE_PRECISION_REVIEW"
"2015_2016","URXCNP","MCNP",60,"0.14",0.2,0.2,TRUE,0.14142135623731,0.14142135623731,60,0,0.00142135623730949,"EXACT_COMPARISON_ONLY_PENDING_RELEASE_PRECISION_REVIEW"
"2015_2016","URXCOP","MCOP",16,"0.21",0.3,0.3,TRUE,0.212132034355964,0.212132034355964,16,0,0.00213203435596424,"EXACT_COMPARISON_ONLY_PENDING_RELEASE_PRECISION_REVIEW"
"2017_2018","URXMBP","MBP",19,"0.28",0.4,0.4,TRUE,0.282842712474619,0.282842712474619,19,0,0.00284271247461898,"EXACT_COMPARISON_ONLY_PENDING_RELEASE_PRECISION_REVIEW"
"2017_2018","URXMZP","MBzP",105,"0.21",0.3,0.3,TRUE,0.212132034355964,0.212132034355964,105,0,0.00213203435596424,"EXACT_COMPARISON_ONLY_PENDING_RELEASE_PRECISION_REVIEW"
"2017_2018","URXECP","MECPP",5,"0.28",0.4,0.4,TRUE,0.282842712474619,0.282842712474619,5,0,0.00284271247461898,"EXACT_COMPARISON_ONLY_PENDING_RELEASE_PRECISION_REVIEW"
"2017_2018","URXMHH","MEHHP",27,"0.28",0.4,0.4,TRUE,0.282842712474619,0.282842712474619,27,0,0.00284271247461898,"EXACT_COMPARISON_ONLY_PENDING_RELEASE_PRECISION_REVIEW"
"2017_2018","URXMOH","MEOHP",23,"0.14",0.2,0.2,TRUE,0.14142135623731,0.14142135623731,23,0,0.00142135623730949,"EXACT_COMPARISON_ONLY_PENDING_RELEASE_PRECISION_REVIEW"
"2017_2018","URXMC1","MCPP",465,"0.28",0.4,0.4,TRUE,0.282842712474619,0.282842712474619,465,0,0.00284271247461898,"EXACT_COMPARISON_ONLY_PENDING_RELEASE_PRECISION_REVIEW"
"2017_2018","URXMEP","MEP",13,"0.85",1.2,1.2,TRUE,0.848528137423857,0.848528137423857,13,0,0.00147186257614307,"EXACT_COMPARISON_ONLY_PENDING_RELEASE_PRECISION_REVIEW"
"2017_2018","URXMIB","MiBP",60,"0.57",0.8,0.8,TRUE,0.565685424949238,0.565685424949238,60,0,0.00431457505076194,"EXACT_COMPARISON_ONLY_PENDING_RELEASE_PRECISION_REVIEW"
"2017_2018","URXCNP","MCNP",104,"0.14",0.2,0.2,TRUE,0.14142135623731,0.14142135623731,104,0,0.00142135623730949,"EXACT_COMPARISON_ONLY_PENDING_RELEASE_PRECISION_REVIEW"
"2017_2018","URXCOP","MCOP",14,"0.21",0.3,0.3,TRUE,0.212132034355964,0.212132034355964,14,0,0.00213203435596424,"EXACT_COMPARISON_ONLY_PENDING_RELEASE_PRECISION_REVIEW"
