component,url,sha256
L24PH_C,https://wwwn.cdc.gov/Nchs/Data/Nhanes/Public/2003/DataFiles/L24PH_C.xpt,3C2847A7F5FA5ACD5F50F846E648B9F9A0507AF9A272C865D25D11D38B77DC54
ALQ_C,https://wwwn.cdc.gov/Nchs/Data/Nhanes/Public/2003/DataFiles/ALQ_C.xpt,E223A963AD4470E1A2E0DD1561B55A3FA91781DAB3B46F5017F9EB1F62D0CED9
PHTHTE_D,https://wwwn.cdc.gov/Nchs/Data/Nhanes/Public/2005/DataFiles/PHTHTE_D.xpt,5ED37A3D5D34A15DB34D23806624F45CE2F217C4B6FADEF31D6AA031CCAA572E
ALQ_D,https://wwwn.cdc.gov/Nchs/Data/Nhanes/Public/2005/DataFiles/ALQ_D.xpt,BE651DA341D629CF2456E5C2FA0387C48FA67CD0949D6DC9ACC46FF6060BCABE
PHTHTE_E,https://wwwn.cdc.gov/Nchs/Data/Nhanes/Public/2007/DataFiles/PHTHTE_E.xpt,1CD285C7023329F425D59934FB490E4EF10B624C10AF769321832A474A7E5DDC
ALQ_E,https://wwwn.cdc.gov/Nchs/Data/Nhanes/Public/2007/DataFiles/ALQ_E.xpt,3FCA970AC6ED096119D47962F3C72157DDE7C11B13A499380E9A1BBB33123789
PHTHTE_F,https://wwwn.cdc.gov/Nchs/Data/Nhanes/Public/2009/DataFiles/PHTHTE_F.xpt,AEAAE6409C168258D888BEA3010E14A84DAD9B5A519AC7CF2F40DF1F4EA5AEA0
ALQ_F,https://wwwn.cdc.gov/Nchs/Data/Nhanes/Public/2009/DataFiles/ALQ_F.xpt,15A46B2310D5BA90E1488DF5F84846D97468247B0AAE6608407FA9BF2405D0D1
PHTHTE_G,https://wwwn.cdc.gov/Nchs/Data/Nhanes/Public/2011/DataFiles/PHTHTE_G.xpt,D858D116A6249848F912B1D7D96430DE58BB73FAFAC64C1FB03DAC673E021EC2
ALQ_G,https://wwwn.cdc.gov/Nchs/Data/Nhanes/Public/2011/DataFiles/ALQ_G.xpt,5F06BA3506F9D69CEDFFA0380AD0CECBC15DF2D6D9B7A3644AC3E2678AAAC5E5
PHTHTE_H,https://wwwn.cdc.gov/Nchs/Data/Nhanes/Public/2013/DataFiles/PHTHTE_H.xpt,248209BD9171597729674E285F11E8BA0BE056F03C49C727491372450B5694DE
ALQ_H,https://wwwn.cdc.gov/Nchs/Data/Nhanes/Public/2013/DataFiles/ALQ_H.xpt,174E4DD21E05F81DF8BC786A6E76253A2CDC07503CD7CDE4C7DD1C1B9D3E3098
PHTHTE_I,https://wwwn.cdc.gov/Nchs/Data/Nhanes/Public/2015/DataFiles/PHTHTE_I.xpt,9934F4BEFB8519DACEB36358A10A6052B24B3452D85E55A47524544054F987E4
ALQ_I,https://wwwn.cdc.gov/Nchs/Data/Nhanes/Public/2015/DataFiles/ALQ_I.xpt,ED445C40EC3F3F993F78321F86E513340D4F131708C7624D88803BDE3909102D
PHTHTE_J,https://wwwn.cdc.gov/Nchs/Data/Nhanes/Public/2017/DataFiles/PHTHTE_J.xpt,89E55B4459086E41E815228B18C144A8046BF9E2391137C3602CCE92DFD3B67D
ALQ_J,https://wwwn.cdc.gov/Nchs/Data/Nhanes/Public/2017/DataFiles/ALQ_J.xpt,53006D407764AD16491F823D25F2781BA55363AEE9CB304D3F5D9450CF25D5C1
