kind,relative_path,bytes,sha256,component,cycle
translated_component,translated/2003_2004/DEMO_C.rds,366876,3F3DEE6C1A8F9E04BAF290297DAD8D894F7A640DDB36957DB735DD25B9176B49,DEMO_C,2003_2004
translated_component,translated/2003_2004/MCQ_C.rds,234793,0D8A8A52B4CC3CBB36486D18197D9920F9E6DA17B3EF3AE369820BC9860E0093,MCQ_C,2003_2004
translated_component,translated/2003_2004/BPQ_C.rds,77987,9CD6FA9172419947945D55EB00340A5CB8DA9A93FA933CC7F48D46DB242416ED,BPQ_C,2003_2004
translated_component,translated/2003_2004/DIQ_C.rds,56267,276D53E176944B34A37EE47ABE0E577EED60D053692363AF67619334F6E105B4,DIQ_C,2003_2004
translated_component,translated/2003_2004/SMQ_C.rds,79951,7A5574949D165A1B23C5A79276CBA4B86F4076A4962A6F0978C5DD6D3BB6F1CA,SMQ_C,2003_2004
translated_component,translated/2003_2004/ALQ_C.rds,34015,1B989DB05DCFB840C0EE79710564788D6879CB1D55358186556DC7A4A11AEE22,ALQ_C,2003_2004
translated_component,translated/2003_2004/BMX_C.rds,250788,D791060125F107063B25A908BFE0C7508B33301B90C6430E1C8B658143B2ED63,BMX_C,2003_2004
translated_component,translated/2003_2004/L24PH_C.rds,100601,4AD634551350AC78DD4BC93BB81C182C24E5B8CD86B89286443035AB346B1B9F,L24PH_C,2003_2004
translated_component,translated/2005_2006/DEMO_D.rds,374016,62A87F2EB475C6A806F69D5CBD94DB3D012EF13AE5B19E3B789B15EA43639F76,DEMO_D,2005_2006
translated_component,translated/2005_2006/MCQ_D.rds,172526,45591EF667D61C2DC15F1E90088E353D89595D859A0AFA6523A2B1B143CA0EE6,MCQ_D,2005_2006
translated_component,translated/2005_2006/BPQ_D.rds,47047,81B5EB2A801D697C38C871889FC59229039504D07DD5824B5D4416A3A743D48B,BPQ_D,2005_2006
translated_component,translated/2005_2006/DIQ_D.rds,100562,ED061D7989EFEDD5602D560BA0AB5D55BDD52A66C3691E445EEEE3358E878618,DIQ_D,2005_2006
translated_component,translated/2005_2006/SMQ_D.rds,93194,778D7480DA54A11A2E68A256F61B16A382F4F5A6F7D4AE8E2116CC108FCFBC73,SMQ_D,2005_2006
translated_component,translated/2005_2006/ALQ_D.rds,34709,66734A1AF6B7B857F7BE12E5BFF243E6B0D07CEE58EBBB0FA796D98ABEC6A441,ALQ_D,2005_2006
translated_component,translated/2005_2006/BMX_D.rds,256780,D524BA243A11B3F8238F56864CBBB148A491B2531F54F9C90E5DB75530C6F895,BMX_D,2005_2006
translated_component,translated/2005_2006/PHTHTE_D.rds,109934,DAAFFA5558854573BA4A76B53FC37DA04F7459A754DBF90258EF87A386D28E6B,PHTHTE_D,2005_2006
translated_component,translated/2007_2008/DEMO_E.rds,374190,8C22E8FCDF2DFAA406F994BD984AC02D15E82FD90D6A631EFB8E0A52877D21F4,DEMO_E,2007_2008
translated_component,translated/2007_2008/MCQ_E.rds,183638,354046DD39AD6029269417D2D626E8CCECDB1046341F0AE771A9837E3BDCC180,MCQ_E,2007_2008
translated_component,translated/2007_2008/BPQ_E.rds,60642,FD86D4BD0061A868A60B3072041E5C484447CFBA2E0F7DA3EDA75F6AC9297BE1,BPQ_E,2007_2008
translated_component,translated/2007_2008/DIQ_E.rds,108932,1FABF7C2DECFC5E900CA6EA05D00A25E37E4EF2E9E3D1600EC8AFE82C4C1CF65,DIQ_E,2007_2008
translated_component,translated/2007_2008/SMQ_E.rds,88059,6F44F015DF73DF6CC86CDD3D39C7402D2549AC92250A47993382CB734A37F5A4,SMQ_E,2007_2008
translated_component,translated/2007_2008/ALQ_E.rds,41447,7531F9F13C3E32AC8D4C6CF78F62D141FD7FB340932FDBFF7C428638857652F5,ALQ_E,2007_2008
translated_component,translated/2007_2008/BMX_E.rds,217814,63BAB1F59A3BF99F4BF1FC681C9FA015F9E1CAB14B001D155BD2465A82055F7B,BMX_E,2007_2008
translated_component,translated/2007_2008/PHTHTE_E.rds,114234,3587A04681DB5F9AD1879D1069EF740A741B4740C5C0B4132E7669A2F92ECE87,PHTHTE_E,2007_2008
translated_component,translated/2009_2010/DEMO_F.rds,388951,9ED22D72EDB8B7BCDCE779D7C38C1B660ED6AD5B3DC154886FFF83A39C05E0EE,DEMO_F,2009_2010
translated_component,translated/2009_2010/MCQ_F.rds,156921,58C2AD59865EA73D6926F5F0234E7DF063C815FEB69894D8ED91967EA4185D70,MCQ_F,2009_2010
translated_component,translated/2009_2010/BPQ_F.rds,67829,83A5784A5CFACE433EE30355D1F93178F4CF812923C269801885DC8B2630472C,BPQ_F,2009_2010
translated_component,translated/2009_2010/DIQ_F.rds,67229,FECA835D8446599B420D08220357391EC25177129B9429504702DC24D77ADFF6,DIQ_F,2009_2010
translated_component,translated/2009_2010/SMQ_F.rds,90619,47CAF09182893E2513B59F0475C8BA9F3076A04D594BDB66E9DFA877E2F3F0E2,SMQ_F,2009_2010
translated_component,translated/2009_2010/ALQ_F.rds,44638,E68B99562938A015FC834A0693AEBB6B41851C4D147F085B263481835CB24B74,ALQ_F,2009_2010
translated_component,translated/2009_2010/BMX_F.rds,228554,CB22CB808A6ADFF59F362E219E0C39E31B6469E06A7000E0635D1DDDF5E2ED5B,BMX_F,2009_2010
translated_component,translated/2009_2010/PHTHTE_F.rds,134718,28FE651B308FF21243363BE368A86726711F0F15442D321458AB0B5F688121A3,PHTHTE_F,2009_2010
translated_component,translated/2011_2012/DEMO_G.rds,369385,421C5353AE43E2EFEA6CCCBD76B6EB8BE6AEFFAF5E10110D561219DB54D55B7F,DEMO_G,2011_2012
translated_component,translated/2011_2012/MCQ_G.rds,185316,83EE3D4CF533431E09A9587CE3E7556CEAF1183A8A5B1F2CC1554A7AF7F34A5C,MCQ_G,2011_2012
translated_component,translated/2011_2012/BPQ_G.rds,51681,C17298E52CA446B2B1A4C2DB1CE914C4D5105A6853125A46A183392FACE0FA5F,BPQ_G,2011_2012
translated_component,translated/2011_2012/DIQ_G.rds,96164,319555BD3363193F399DB6612F0BA26A2193D4CAA2CA2A8B0D232795D9A78229,DIQ_G,2011_2012
translated_component,translated/2011_2012/SMQ_G.rds,77439,975E5E1D25E91BD335FD2D5A248A672A7C61E2C2C7DD90D78A9F99EDF736C622,SMQ_G,2011_2012
translated_component,translated/2011_2012/ALQ_G.rds,43224,32B74ED86A0FFA1321A0B65C2EBC66AB47979181AD53AE66972F02A0C2B0AD99,ALQ_G,2011_2012
translated_component,translated/2011_2012/BMX_G.rds,223046,60324E3DD8B48E7C0C542333DD9232A2329D5179697EDFD1CDB06FA1B2A21A90,BMX_G,2011_2012
translated_component,translated/2011_2012/PHTHTE_G.rds,106899,C2C38AD88B9FB25F676468A4FB7B075DD842ED37CDF4CBD6C61938CDEA4F745D,PHTHTE_G,2011_2012
translated_component,translated/2013_2014/DEMO_H.rds,373918,E205469964DAEA782EDC13BDA888F365A6186F0BDC2ABCDF99F86EA0A90FE086,DEMO_H,2013_2014
translated_component,translated/2013_2014/MCQ_H.rds,196098,066801B2D92F217A5AB1A9A210438254A07AAA4D0DAFFC02F2398EAF28ECE852,MCQ_H,2013_2014
translated_component,translated/2013_2014/BPQ_H.rds,51986,44043FBE9BD6D826B1A2866E8B802FE245D999E4418CB0A5250499EF5925BDAC,BPQ_H,2013_2014
translated_component,translated/2013_2014/DIQ_H.rds,100094,2189E266C74776C982BBFBB9B3D502132EA92D151A3C7D59C7A742DF21FD4798,DIQ_H,2013_2014
translated_component,translated/2013_2014/SMQ_H.rds,85648,A7BF21B23B36F4C5509E11909BC7B916C4D2251A17059DBA758B8101D449F7EC,SMQ_H,2013_2014
translated_component,translated/2013_2014/ALQ_H.rds,45735,AE411E16D278710774AF5F636365AD454A174332DBC66EFE6C048CC2F033ED51,ALQ_H,2013_2014
translated_component,translated/2013_2014/BMX_H.rds,231703,3CB541A56307279A7190B0C026F3280326220F067BA8FB3E479C24DC89D8CA9E,BMX_H,2013_2014
translated_component,translated/2013_2014/PHTHTE_H.rds,108671,F55F977880F175032B4F7E8191ACA8DDD9F081E1EFB4EA59C9C6F0DCC35A1619,PHTHTE_H,2013_2014
translated_component,translated/2015_2016/DEMO_I.rds,371651,CEDC1CA49AD1FB6B9E26058D25B33D8D9FB98708C1E0B55148D5AD037EB46B09,DEMO_I,2015_2016
translated_component,translated/2015_2016/MCQ_I.rds,184671,B5D4342F00323EA71825FE24FB156FD94F1B94BC7429B019C8BBE86611000B91,MCQ_I,2015_2016
translated_component,translated/2015_2016/BPQ_I.rds,44570,F73D60C3D96573B78C1717958ECB87D96CE728A56CBA3338AC5C97CB59F56FCC,BPQ_I,2015_2016
translated_component,translated/2015_2016/DIQ_I.rds,105555,340692F21C9F118CC4F1479485EE0B673DCE6E701155557CD8BDE22B38550F43,DIQ_I,2015_2016
translated_component,translated/2015_2016/SMQ_I.rds,106219,89B45E205670F31D861EDE8AA791A83549E8C2C97BAE8BD4280EB79430D67B0E,SMQ_I,2015_2016
translated_component,translated/2015_2016/ALQ_I.rds,44084,C220CC3C5FC1F073C64C4615E9A85872371B712EAA237514A7417F6ACC7B960C,ALQ_I,2015_2016
translated_component,translated/2015_2016/BMX_I.rds,225254,1FE4990C07CE07523215CFC2AF4A9DDE6AC180E30EBF314E88CCC559C05ED0DB,BMX_I,2015_2016
translated_component,translated/2015_2016/PHTHTE_I.rds,134649,FC17CEA3CE1AB9D1A9B66AAEE08038A0C5F0AEB9B36CE4E3901C180E430F2891,PHTHTE_I,2015_2016
translated_component,translated/2015_2016/ALB_CR_I.rds,115772,3562EAE671FD010BFC5191FB1D8FD8C030F11485C5326C37C035B7A654D28C56,ALB_CR_I,2015_2016
translated_component,translated/2017_2018/DEMO_J.rds,340443,BCA5B7B4E95C32507398CC1DB11411BD1CB25E046DAFFC1E13E520B7080B4BA1,DEMO_J,2017_2018
translated_component,translated/2017_2018/MCQ_J.rds,191105,B9348605148C394B7D69A5EDB0487FB4154DC2518EDC9E515BF8B6452FBBEA9B,MCQ_J,2017_2018
translated_component,translated/2017_2018/BPQ_J.rds,43785,A083A04C8D5A7C8CA927B92EDC3CF754CDEA30A0A7D1AE32EC3EE6D6199870A9,BPQ_J,2017_2018
translated_component,translated/2017_2018/DIQ_J.rds,104391,85F9569DF2726A2A0C618D83F95BE857D048A230E42AE044C13AAF07BA959AC9,DIQ_J,2017_2018
translated_component,translated/2017_2018/SMQ_J.rds,88555,CEF556D4CD7583FAE1E6D57F88C6593480C0DEF103D692DE1967082F3AA165A3,SMQ_J,2017_2018
translated_component,translated/2017_2018/ALQ_J.rds,41132,65010500FEA57FD392F6FA5516C3F49C3E2C8286C1D2E9975CC64535F08BE53D,ALQ_J,2017_2018
translated_component,translated/2017_2018/BMX_J.rds,171757,177C96148981C4F1645962D2503C0519F5CC8A015E15F8CBDD037FE973541C41,BMX_J,2017_2018
translated_component,translated/2017_2018/PHTHTE_J.rds,143531,F67F703D8305EB44BA9A1A68DD1F8D4290CD6678A27D5D4DEA801BD46F678203,PHTHTE_J,2017_2018
translated_component,translated/2017_2018/ALB_CR_J.rds,106942,6CE46EEF62C0AFCD8CD16C5DFDA176B743F887603B9F4C178020BB9D644F7980,ALB_CR_J,2017_2018
official_xpt,official_xpt/L24PH_C.xpt,630560,3C2847A7F5FA5ACD5F50F846E648B9F9A0507AF9A272C865D25D11D38B77DC54,L24PH_C,2003_2004
official_xpt,official_xpt/ALQ_C.xpt,343440,E223A963AD4470E1A2E0DD1561B55A3FA91781DAB3B46F5017F9EB1F62D0CED9,ALQ_C,2003_2004
official_xpt,official_xpt/PHTHTE_D.xpt,701840,5ED37A3D5D34A15DB34D23806624F45CE2F217C4B6FADEF31D6AA031CCAA572E,PHTHTE_D,2005_2006
official_xpt,official_xpt/ALQ_D.xpt,345680,BE651DA341D629CF2456E5C2FA0387C48FA67CD0949D6DC9ACC46FF6060BCABE,ALQ_D,2005_2006
official_xpt,official_xpt/PHTHTE_E.xpt,722960,1CD285C7023329F425D59934FB490E4EF10B624C10AF769321832A474A7E5DDC,PHTHTE_E,2007_2008
official_xpt,official_xpt/ALQ_E.xpt,412960,3FCA970AC6ED096119D47962F3C72157DDE7C11B13A499380E9A1BBB33123789,ALQ_E,2007_2008
official_xpt,official_xpt/PHTHTE_F.xpt,749600,AEAAE6409C168258D888BEA3010E14A84DAD9B5A519AC7CF2F40DF1F4EA5AEA0,PHTHTE_F,2009_2010
official_xpt,official_xpt/ALQ_F.xpt,438320,15A46B2310D5BA90E1488DF5F84846D97468247B0AAE6608407FA9BF2405D0D1,ALQ_F,2009_2010
official_xpt,official_xpt/PHTHTE_G.xpt,648480,D858D116A6249848F912B1D7D96430DE58BB73FAFAC64C1FB03DAC673E021EC2,PHTHTE_G,2011_2012
official_xpt,official_xpt/ALQ_G.xpt,451360,5F06BA3506F9D69CEDFFA0380AD0CECBC15DF2D6D9B7A3644AC3E2678AAAC5E5,ALQ_G,2011_2012
official_xpt,official_xpt/PHTHTE_H.xpt,649120,248209BD9171597729674E285F11E8BA0BE056F03C49C727491372450B5694DE,PHTHTE_H,2013_2014
official_xpt,official_xpt/ALQ_H.xpt,476080,174E4DD21E05F81DF8BC786A6E76253A2CDC07503CD7CDE4C7DD1C1B9D3E3098,ALQ_H,2013_2014
official_xpt,official_xpt/PHTHTE_I.xpt,877280,9934F4BEFB8519DACEB36358A10A6052B24B3452D85E55A47524544054F987E4,PHTHTE_I,2015_2016
official_xpt,official_xpt/ALQ_I.xpt,460960,ED445C40EC3F3F993F78321F86E513340D4F131708C7624D88803BDE3909102D,ALQ_I,2015_2016
official_xpt,official_xpt/PHTHTE_J.xpt,961840,89E55B4459086E41E815228B18C144A8046BF9E2391137C3602CCE92DFD3B67D,PHTHTE_J,2017_2018
official_xpt,official_xpt/ALQ_J.xpt,444800,53006D407764AD16491F823D25F2781BA55363AEE9CB304D3F5D9450CF25D5C1,ALQ_J,2017_2018
official_codebook,official_docs/ALQ_C.html,27747,65D0C860D7EF6BE33C312D7D8F6B357AA555C8CE387D286851CD02EBAC926923,ALQ_C,
official_codebook,official_docs/ALQ_D.html,29223,1E916A960C8D24BB2E4C0E5DEB1B6431677AC382A375315DAC88B64E172EC701,ALQ_D,
official_codebook,official_docs/ALQ_E.html,29285,C568F89DEF6CA79C53E6FD2E09099C6A4B4B29681A110F86718F2F52DB87669B,ALQ_E,
official_codebook,official_docs/ALQ_F.html,29695,4234621E8978101789CF3548A38D5ADF4B29C2DF00632BEB2FE47FD18B0ABC3D,ALQ_F,
official_codebook,official_docs/ALQ_G.html,33354,E71E065228BBEF4EE92460D19DBD609E8480F10DB4F0E7A8C7207DB9F03DC0A7,ALQ_G,
official_codebook,official_docs/ALQ_H.html,33548,5412F9659B3E0C5B0036BD85BEFFF555FBAA8BB4353B213C311E5C9559851F05,ALQ_H,
official_codebook,official_docs/ALQ_I.html,32403,0EC03A4224D5745B589625FF41DE4D2BC0F904D685F62E060B537B30C1B92B81,ALQ_I,
official_codebook,official_docs/ALQ_J.html,52690,C9A7C51D79C3CEC6C65CF877460176090D0DEFF156AEA2B1B3B8F39EC0C9C0E6,ALQ_J,
official_codebook,official_docs/DEMO_C.html,149547,D4193186DC2C10290C9B191ACD4871A92C56250B8087B4BECB50736383C417C3,DEMO_C,
official_codebook,official_docs/DEMO_D.html,147978,0AEC18ABA7676AA3ADE3D925763C6852E9E2D85C6DADC90BDBE062723D5C60EE,DEMO_D,
official_codebook,official_docs/DEMO_E.html,158272,0BB161439F6A387F44F2AFB642451193190D76A92AD6DE6C7AE83668D4647A64,DEMO_E,
official_codebook,official_docs/DEMO_F.html,154401,C3A26469D6F9F53BEDF47F9313EBA66FEAD267A6777E5AAB43CF4184EC7B2564,DEMO_F,
official_codebook,official_docs/DEMO_G.html,167583,5A8B2BC790F2A70705F035C398A76F7A8BBB5EC92323929CBBF04EB0428F59D7,DEMO_G,
official_codebook,official_docs/DEMO_H.html,170377,686D31F7E0857FD0C16C9A9A4E9878AD1D6E3EC4CBA9A904FCCE4048C9506B68,DEMO_H,
official_codebook,official_docs/DEMO_I.html,172117,AE488B8A00E7CDBAE20F2FB279819DCB180B03373EFA13ABF784C52A0B82E473,DEMO_I,
official_codebook,official_docs/DEMO_J.html,167262,07F8F1E7F884FAB180CCF53C705652DE9D663833FDAD85B0D759919C8464CDE0,DEMO_J,
official_codebook,official_docs/L24PH_C.html,68631,EA57084CF7042F2594FEE0EDDD3A9D040C7A82026BDC4FCDE5A0C5DF40AF27FA,L24PH_C,
official_codebook,official_docs/PHTHTE_D.html,77499,FCA23672EE6965F1BB32344A731B34CFF87F9D01865993CA6C2DDD7D4445973D,PHTHTE_D,
official_codebook,official_docs/PHTHTE_E.html,77554,08485DDCA3B515065A93BFEEA6D2A82922BC48E899FA90BAE63DFD6C19ACD21C,PHTHTE_E,
official_codebook,official_docs/PHTHTE_F.html,77405,4CD3F744201CCD78083C61CE7F3198A7D595E4764F4A182029DF1C46CE7D3948,PHTHTE_F,
official_codebook,official_docs/PHTHTE_G.html,74797,2BBD39A6D92CE53F271F4BE40F9874158DA83B7BBC09603518B83D7F5399618D,PHTHTE_G,
official_codebook,official_docs/PHTHTE_H.html,71544,FF58D8CB963EB1B84BC2DF010B9218D619112041309992532582E8C5E6FFA9EA,PHTHTE_H,
official_codebook,official_docs/PHTHTE_I.html,83595,51BAE74CA44BA1EDF9CF151B5EA239384ACE30ECB768379292841B94E8FF77AB,PHTHTE_I,
official_codebook,official_docs/PHTHTE_J.html,104717,01EC5163C75D16B6E4C8F14BC4CCE2C12FD55CC8BA6C038B3747E302D4E4C998,PHTHTE_J,
