"analysis","sex","exposure","N","events","DOMAIN_DF","overall_df","overall_F","P_overall_full","nonlinear_df","nonlinear_F","P_nonlinear_full"
"RCS","Female","MBP",5222,198,124,2,0.767096376631212,0.466550178507084,1,0.611570142495275,0.43568798109565
"RCS","Female","MBzP",5222,198,124,2,1.54837909037188,0.216674167703804,1,0.00908580638010259,0.924214925985116
"RCS","Female","MECPP",5222,198,124,2,0.238874245373062,0.787875453665406,1,0.0532279120249268,0.817918961675661
"RCS","Female","MEHHP",5222,198,124,2,0.0726856681287926,0.929932668520136,1,0.125102387977058,0.724165763407681
"RCS","Female","MEOHP",5222,198,124,2,0.0572863205069581,0.944348628376544,1,0.0882711893835443,0.766883716910343
"RCS","Female","MCPP",5222,198,124,2,4.07957913532717,0.019235971098177,1,6.88965649976779,0.00975989883627436
"RCS","Female","MEP",5222,198,124,2,1.04111706577658,0.356125394440848,1,0.624362916349339,0.430939116823623
"RCS","Female","MiBP",5222,198,124,2,0.0499432137291441,0.951302568290424,1,0.0592245030619489,0.80812800753042
"RCS","Female","MCNP",4642,181,109,2,0.48286845488909,0.618324482935243,1,0.00741069206285614,0.93155648158734
"RCS","Female","MCOP",4642,181,109,2,0.265382960684689,0.767406277437625,1,0.137031629323446,0.711968312264214
"RCS","Male","MBP",5306,187,124,2,1.61797268684146,0.202458296401027,1,0.98417884788051,0.323101219514053
"RCS","Male","MBzP",5306,187,124,2,0.2981670989813,0.742707916923068,1,0.421920147779894,0.517181906418333
"RCS","Male","MECPP",5306,187,124,2,0.140008571513134,0.869488018336445,1,0.191477879495112,0.662450641931659
"RCS","Male","MEHHP",5306,187,124,2,0.123914437971139,0.883564686443786,1,0.136178053782337,0.712739855186458
"RCS","Male","MEOHP",5306,187,124,2,0.0707148862704478,0.931765048904066,1,0.141127760408069,0.707804316905416
"RCS","Male","MCPP",5306,187,124,2,1.19244774900261,0.306933090271704,1,0.51089040492274,0.476097165342047
"RCS","Male","MEP",5306,187,124,2,0.179202924085786,0.836152354157538,1,0.355421927221279,0.552146583889143
"RCS","Male","MiBP",5306,187,124,2,0.0226064861654985,0.97765115405756,1,0.0451819607485066,0.832018825346243
"RCS","Male","MCNP",4724,167,109,2,4.80865355493031,0.00996953381838034,1,0.830839986628528,0.36404122292544
"RCS","Male","MCOP",4724,167,109,2,1.6292019115363,0.200824232366914,1,0.104178759542479,0.74748976651195
