"Cycle","Domain","Component","Official_source","Local_cache_filename","Source_SHA","Role"
"2003_2004","Demographics","DEMO_C","https://wwwn.cdc.gov/Nchs/Data/Nhanes/Public/2003/DataFiles/DEMO_C.XPT","2003_2004/DEMO_C.xpt","2A2FDB88263337BFA06F0516BFB419631595F0A0EE88FB96069BED13D1857C6F","sampling,demographics,pregnancy,design"
"2003_2004","Questionnaire","MCQ_C","https://wwwn.cdc.gov/Nchs/Data/Nhanes/Public/2003/DataFiles/MCQ_C.XPT","2003_2004/MCQ_C.xpt","42487737067C5DBDF533BB91B5F752D1FFF1DFA9EED91C7AE54AB5E49B65B019","stroke outcome"
"2003_2004","Questionnaire","BPQ_C","https://wwwn.cdc.gov/Nchs/Data/Nhanes/Public/2003/DataFiles/BPQ_C.XPT","2003_2004/BPQ_C.xpt","B31DB89674D59073106581ED41C265C387A70000DCE0CB984A865E82CD9B63A0","hypertension,hyperlipidemia"
"2003_2004","Questionnaire","DIQ_C","https://wwwn.cdc.gov/Nchs/Data/Nhanes/Public/2003/DataFiles/DIQ_C.XPT","2003_2004/DIQ_C.xpt","E64A1DB590D733C812359ABB0DA6FDC3F20860EC3F89AEC24442DF994E90BEFE","diabetes"
"2003_2004","Questionnaire","SMQ_C","https://wwwn.cdc.gov/Nchs/Data/Nhanes/Public/2003/DataFiles/SMQ_C.XPT","2003_2004/SMQ_C.xpt","FBFE1E4B286AB43FDC3FD84C3830BB241B8B5CA84B3AB5902B8808E4136EFC2C","smoking"
"2003_2004","Questionnaire","ALQ_C","https://wwwn.cdc.gov/Nchs/Data/Nhanes/Public/2003/DataFiles/ALQ_C.XPT","2003_2004/ALQ_C.xpt","E223A963AD4470E1A2E0DD1561B55A3FA91781DAB3B46F5017F9EB1F62D0CED9","alcohol"
"2003_2004","Examination","BMX_C","https://wwwn.cdc.gov/Nchs/Data/Nhanes/Public/2003/DataFiles/BMX_C.XPT","2003_2004/BMX_C.xpt","B3D3E431B5964EA8B5807035044322FCF32F3878D814D4A844204E51C793F090","BMI"
"2003_2004","Laboratory","L24PH_C","https://wwwn.cdc.gov/Nchs/Data/Nhanes/Public/2003/DataFiles/L24PH_C.XPT","2003_2004/L24PH_C.xpt","3C2847A7F5FA5ACD5F50F846E648B9F9A0507AF9A272C865D25D11D38B77DC54","phthalate metabolites,subsample weight,creatinine through 2013_2014"
"2005_2006","Demographics","DEMO_D","https://wwwn.cdc.gov/Nchs/Data/Nhanes/Public/2005/DataFiles/DEMO_D.XPT","2005_2006/DEMO_D.xpt","BF9CC79CCE501B2FBE5AA8D5B403B618548D02D4AEFEB528335CDD9F4C40A3AF","sampling,demographics,pregnancy,design"
"2005_2006","Questionnaire","MCQ_D","https://wwwn.cdc.gov/Nchs/Data/Nhanes/Public/2005/DataFiles/MCQ_D.XPT","2005_2006/MCQ_D.xpt","12BF5F557C97284E096A8CD8AEFBC8E3AB9F12A410C2F50474C4DFDDD2EBF6F4","stroke outcome"
"2005_2006","Questionnaire","BPQ_D","https://wwwn.cdc.gov/Nchs/Data/Nhanes/Public/2005/DataFiles/BPQ_D.XPT","2005_2006/BPQ_D.xpt","089B29FDFBC3D46A93C63E74CFC29376B3168556813D206119D471EE48991BAC","hypertension,hyperlipidemia"
"2005_2006","Questionnaire","DIQ_D","https://wwwn.cdc.gov/Nchs/Data/Nhanes/Public/2005/DataFiles/DIQ_D.XPT","2005_2006/DIQ_D.xpt","AC81ED56D09AADBE12DF39C6991D9F4D9CFA04211AEE4D103D38C981390B826E","diabetes"
"2005_2006","Questionnaire","SMQ_D","https://wwwn.cdc.gov/Nchs/Data/Nhanes/Public/2005/DataFiles/SMQ_D.XPT","2005_2006/SMQ_D.xpt","EF82433ACA1A36BA2310A624CCDBAF195E2A258A88AF0F284EF2A58D36BE3011","smoking"
"2005_2006","Questionnaire","ALQ_D","https://wwwn.cdc.gov/Nchs/Data/Nhanes/Public/2005/DataFiles/ALQ_D.XPT","2005_2006/ALQ_D.xpt","BE651DA341D629CF2456E5C2FA0387C48FA67CD0949D6DC9ACC46FF6060BCABE","alcohol"
"2005_2006","Examination","BMX_D","https://wwwn.cdc.gov/Nchs/Data/Nhanes/Public/2005/DataFiles/BMX_D.XPT","2005_2006/BMX_D.xpt","A52909BE94CF825BA8A65477A9528603576FD5FBF3ABADD72549A3F15C88566E","BMI"
"2005_2006","Laboratory","PHTHTE_D","https://wwwn.cdc.gov/Nchs/Data/Nhanes/Public/2005/DataFiles/PHTHTE_D.XPT","2005_2006/PHTHTE_D.xpt","5ED37A3D5D34A15DB34D23806624F45CE2F217C4B6FADEF31D6AA031CCAA572E","phthalate metabolites,subsample weight,creatinine through 2013_2014"
"2007_2008","Demographics","DEMO_E","https://wwwn.cdc.gov/Nchs/Data/Nhanes/Public/2007/DataFiles/DEMO_E.XPT","2007_2008/DEMO_E.xpt","02B8E97703D04BC99769C751881BECE51AC9BA68CF18A2992A45D3BDFB856147","sampling,demographics,pregnancy,design"
"2007_2008","Questionnaire","MCQ_E","https://wwwn.cdc.gov/Nchs/Data/Nhanes/Public/2007/DataFiles/MCQ_E.XPT","2007_2008/MCQ_E.xpt","DFBE11C6B036EC4E79AEBA7805833FC4951C74662A9510066C3A93932F6990E6","stroke outcome"
"2007_2008","Questionnaire","BPQ_E","https://wwwn.cdc.gov/Nchs/Data/Nhanes/Public/2007/DataFiles/BPQ_E.XPT","2007_2008/BPQ_E.xpt","B802B5855D48FC230C734083EA1E4D4A9D84E1B36BF5E78FCD725C17D6CE77DF","hypertension,hyperlipidemia"
"2007_2008","Questionnaire","DIQ_E","https://wwwn.cdc.gov/Nchs/Data/Nhanes/Public/2007/DataFiles/DIQ_E.XPT","2007_2008/DIQ_E.xpt","FB4D698FBEC26BC8A09B2CD0F3019F815114742DD2C37CCAC1AAF5E0123394C5","diabetes"
"2007_2008","Questionnaire","SMQ_E","https://wwwn.cdc.gov/Nchs/Data/Nhanes/Public/2007/DataFiles/SMQ_E.XPT","2007_2008/SMQ_E.xpt","881865EE05F4B2BE0C03C761F00AD8E355F2CC5E7D3BE41666EDEF6F3DCA5862","smoking"
"2007_2008","Questionnaire","ALQ_E","https://wwwn.cdc.gov/Nchs/Data/Nhanes/Public/2007/DataFiles/ALQ_E.XPT","2007_2008/ALQ_E.xpt","3FCA970AC6ED096119D47962F3C72157DDE7C11B13A499380E9A1BBB33123789","alcohol"
"2007_2008","Examination","BMX_E","https://wwwn.cdc.gov/Nchs/Data/Nhanes/Public/2007/DataFiles/BMX_E.XPT","2007_2008/BMX_E.xpt","B67B50DBD12C9510B49B6348B595B9FD073C422C0C6EAC182F90AC57B491A97D","BMI"
"2007_2008","Laboratory","PHTHTE_E","https://wwwn.cdc.gov/Nchs/Data/Nhanes/Public/2007/DataFiles/PHTHTE_E.XPT","2007_2008/PHTHTE_E.xpt","1CD285C7023329F425D59934FB490E4EF10B624C10AF769321832A474A7E5DDC","phthalate metabolites,subsample weight,creatinine through 2013_2014"
"2009_2010","Demographics","DEMO_F","https://wwwn.cdc.gov/Nchs/Data/Nhanes/Public/2009/DataFiles/DEMO_F.XPT","2009_2010/DEMO_F.xpt","78C4D4A6E5EAFA9DA3BBB24A90D140FEF5D8C0CDA932A7FF8EE609288D4FAE07","sampling,demographics,pregnancy,design"
"2009_2010","Questionnaire","MCQ_F","https://wwwn.cdc.gov/Nchs/Data/Nhanes/Public/2009/DataFiles/MCQ_F.XPT","2009_2010/MCQ_F.xpt","C2F0F9223C6A9E38E5BF6D26501C4B11D3CFD97B82DB46E1C9C266F24761C457","stroke outcome"
"2009_2010","Questionnaire","BPQ_F","https://wwwn.cdc.gov/Nchs/Data/Nhanes/Public/2009/DataFiles/BPQ_F.XPT","2009_2010/BPQ_F.xpt","E592C987F07002EB309A63DC7EBF6A7EAA83D740A4FD6AE69AF15DA40C65A21A","hypertension,hyperlipidemia"
"2009_2010","Questionnaire","DIQ_F","https://wwwn.cdc.gov/Nchs/Data/Nhanes/Public/2009/DataFiles/DIQ_F.XPT","2009_2010/DIQ_F.xpt","7E90371CBC98E77A9684EFF32FFA0E4EE3E8FC04D97581A8773E19CB9FE901FA","diabetes"
"2009_2010","Questionnaire","SMQ_F","https://wwwn.cdc.gov/Nchs/Data/Nhanes/Public/2009/DataFiles/SMQ_F.XPT","2009_2010/SMQ_F.xpt","EE85C82EA55046EB7BF491088B5BB9EFECBEA8AAF66AE8C89123BAD23A5F1901","smoking"
"2009_2010","Questionnaire","ALQ_F","https://wwwn.cdc.gov/Nchs/Data/Nhanes/Public/2009/DataFiles/ALQ_F.XPT","2009_2010/ALQ_F.xpt","15A46B2310D5BA90E1488DF5F84846D97468247B0AAE6608407FA9BF2405D0D1","alcohol"
"2009_2010","Examination","BMX_F","https://wwwn.cdc.gov/Nchs/Data/Nhanes/Public/2009/DataFiles/BMX_F.XPT","2009_2010/BMX_F.xpt","1FA42E07764037674C3F56E1E76F990E10C32245897597DE3D731C57B91D869A","BMI"
"2009_2010","Laboratory","PHTHTE_F","https://wwwn.cdc.gov/Nchs/Data/Nhanes/Public/2009/DataFiles/PHTHTE_F.XPT","2009_2010/PHTHTE_F.xpt","AEAAE6409C168258D888BEA3010E14A84DAD9B5A519AC7CF2F40DF1F4EA5AEA0","phthalate metabolites,subsample weight,creatinine through 2013_2014"
"2011_2012","Demographics","DEMO_G","https://wwwn.cdc.gov/Nchs/Data/Nhanes/Public/2011/DataFiles/DEMO_G.XPT","2011_2012/DEMO_G.xpt","EAF0525D1952626885AF3E935415A1F66AD62C18698080E7354789C125AF252D","sampling,demographics,pregnancy,design"
"2011_2012","Questionnaire","MCQ_G","https://wwwn.cdc.gov/Nchs/Data/Nhanes/Public/2011/DataFiles/MCQ_G.XPT","2011_2012/MCQ_G.xpt","7538EB86C72B81FD5E76B56120FCB068ED38149D44650E9E750670AD58658D52","stroke outcome"
"2011_2012","Questionnaire","BPQ_G","https://wwwn.cdc.gov/Nchs/Data/Nhanes/Public/2011/DataFiles/BPQ_G.XPT","2011_2012/BPQ_G.xpt","39C5A0EE1D76E6F3DF867C0057986A21F4A028038002C43214C5AF8BDEC83CAE","hypertension,hyperlipidemia"
"2011_2012","Questionnaire","DIQ_G","https://wwwn.cdc.gov/Nchs/Data/Nhanes/Public/2011/DataFiles/DIQ_G.XPT","2011_2012/DIQ_G.xpt","A9D5475E0CD66D6A7BC30230345ED0172A9ABCBC0A7A4145A35025C827A52A87","diabetes"
"2011_2012","Questionnaire","SMQ_G","https://wwwn.cdc.gov/Nchs/Data/Nhanes/Public/2011/DataFiles/SMQ_G.XPT","2011_2012/SMQ_G.xpt","69F2375F036A815082B1E97110E79C505B91E0985C61696F8EAACF94828115DC","smoking"
"2011_2012","Questionnaire","ALQ_G","https://wwwn.cdc.gov/Nchs/Data/Nhanes/Public/2011/DataFiles/ALQ_G.XPT","2011_2012/ALQ_G.xpt","5F06BA3506F9D69CEDFFA0380AD0CECBC15DF2D6D9B7A3644AC3E2678AAAC5E5","alcohol"
"2011_2012","Examination","BMX_G","https://wwwn.cdc.gov/Nchs/Data/Nhanes/Public/2011/DataFiles/BMX_G.XPT","2011_2012/BMX_G.xpt","4814BFC3047ED400B9D43D285F8C3EA7C940AC6489404A9B699579715D158EC3","BMI"
"2011_2012","Laboratory","PHTHTE_G","https://wwwn.cdc.gov/Nchs/Data/Nhanes/Public/2011/DataFiles/PHTHTE_G.XPT","2011_2012/PHTHTE_G.xpt","D858D116A6249848F912B1D7D96430DE58BB73FAFAC64C1FB03DAC673E021EC2","phthalate metabolites,subsample weight,creatinine through 2013_2014"
"2013_2014","Demographics","DEMO_H","https://wwwn.cdc.gov/Nchs/Data/Nhanes/Public/2013/DataFiles/DEMO_H.XPT","2013_2014/DEMO_H.xpt","F8F0CBB3085A323D4CDE22349B164878FEA1E64DBC404E65B5815C7816B547D7","sampling,demographics,pregnancy,design"
"2013_2014","Questionnaire","MCQ_H","https://wwwn.cdc.gov/Nchs/Data/Nhanes/Public/2013/DataFiles/MCQ_H.XPT","2013_2014/MCQ_H.xpt","5C83210E6E1FE929282621322ED0F94D95CDB0A37CCAFF36F703AB0B2E7B9DC6","stroke outcome"
"2013_2014","Questionnaire","BPQ_H","https://wwwn.cdc.gov/Nchs/Data/Nhanes/Public/2013/DataFiles/BPQ_H.XPT","2013_2014/BPQ_H.xpt","AA6DDEAB80C73B074CCFD04AD010DA404ECB91C048476A194594CE9552D03D49","hypertension,hyperlipidemia"
"2013_2014","Questionnaire","DIQ_H","https://wwwn.cdc.gov/Nchs/Data/Nhanes/Public/2013/DataFiles/DIQ_H.XPT","2013_2014/DIQ_H.xpt","C74C7CCEF65E6997DFAC1DB1E73BC3F63DEC67C70B2E322FFC14F14CE27429A9","diabetes"
"2013_2014","Questionnaire","SMQ_H","https://wwwn.cdc.gov/Nchs/Data/Nhanes/Public/2013/DataFiles/SMQ_H.XPT","2013_2014/SMQ_H.xpt","86D74BB8842CE6D60350944417CBD3E9EE39DD5A9FA1BDA33426F276B673861F","smoking"
"2013_2014","Questionnaire","ALQ_H","https://wwwn.cdc.gov/Nchs/Data/Nhanes/Public/2013/DataFiles/ALQ_H.XPT","2013_2014/ALQ_H.xpt","174E4DD21E05F81DF8BC786A6E76253A2CDC07503CD7CDE4C7DD1C1B9D3E3098","alcohol"
"2013_2014","Examination","BMX_H","https://wwwn.cdc.gov/Nchs/Data/Nhanes/Public/2013/DataFiles/BMX_H.XPT","2013_2014/BMX_H.xpt","FD5E9FC6E6AAB0A4AEE6E699F51497BBC9B62101F7F43AEE924C473E38FD9442","BMI"
"2013_2014","Laboratory","PHTHTE_H","https://wwwn.cdc.gov/Nchs/Data/Nhanes/Public/2013/DataFiles/PHTHTE_H.XPT","2013_2014/PHTHTE_H.xpt","248209BD9171597729674E285F11E8BA0BE056F03C49C727491372450B5694DE","phthalate metabolites,subsample weight,creatinine through 2013_2014"
"2015_2016","Demographics","DEMO_I","https://wwwn.cdc.gov/Nchs/Data/Nhanes/Public/2015/DataFiles/DEMO_I.XPT","2015_2016/DEMO_I.xpt","C9297C6C37AE8F78F29BE9568FA2A03CF3B112616A39AFEE04030FC775A66A0D","sampling,demographics,pregnancy,design"
"2015_2016","Questionnaire","MCQ_I","https://wwwn.cdc.gov/Nchs/Data/Nhanes/Public/2015/DataFiles/MCQ_I.XPT","2015_2016/MCQ_I.xpt","8B2BD62F5BCD5820D6AAC380E4BAD233D22ECAB42FCF4A3A9A023FFC6B9F4002","stroke outcome"
"2015_2016","Questionnaire","BPQ_I","https://wwwn.cdc.gov/Nchs/Data/Nhanes/Public/2015/DataFiles/BPQ_I.XPT","2015_2016/BPQ_I.xpt","7F7E51CD0497EB648F64EAAFAF7ED07825D617C32B2CD6853ED249FCE1143A38","hypertension,hyperlipidemia"
"2015_2016","Questionnaire","DIQ_I","https://wwwn.cdc.gov/Nchs/Data/Nhanes/Public/2015/DataFiles/DIQ_I.XPT","2015_2016/DIQ_I.xpt","E87587479B29F175B63EEE5DD40D582837E3E3FE2665503012085EEFDB978E0D","diabetes"
"2015_2016","Questionnaire","SMQ_I","https://wwwn.cdc.gov/Nchs/Data/Nhanes/Public/2015/DataFiles/SMQ_I.XPT","2015_2016/SMQ_I.xpt","529CE1C407E99DCE937CA75D14C8C630E0C9C30A4A9A851760CD2884BBB28FE0","smoking"
"2015_2016","Questionnaire","ALQ_I","https://wwwn.cdc.gov/Nchs/Data/Nhanes/Public/2015/DataFiles/ALQ_I.XPT","2015_2016/ALQ_I.xpt","ED445C40EC3F3F993F78321F86E513340D4F131708C7624D88803BDE3909102D","alcohol"
"2015_2016","Examination","BMX_I","https://wwwn.cdc.gov/Nchs/Data/Nhanes/Public/2015/DataFiles/BMX_I.XPT","2015_2016/BMX_I.xpt","D31DA84E14212B4E58E8340598A5B8E2144FAC83333563E966EB1B332E4141D6","BMI"
"2015_2016","Laboratory","PHTHTE_I","https://wwwn.cdc.gov/Nchs/Data/Nhanes/Public/2015/DataFiles/PHTHTE_I.XPT","2015_2016/PHTHTE_I.xpt","9934F4BEFB8519DACEB36358A10A6052B24B3452D85E55A47524544054F987E4","phthalate metabolites,subsample weight,creatinine through 2013_2014"
"2015_2016","Laboratory","ALB_CR_I","https://wwwn.cdc.gov/Nchs/Data/Nhanes/Public/2015/DataFiles/ALB_CR_I.XPT","2015_2016/ALB_CR_I.xpt","AF61C16DB8D9E96549BF0FB446049FF0631AE1CCF7E2DCD017D28EDBA84DBE3D","urinary creatinine source"
"2017_2018","Demographics","DEMO_J","https://wwwn.cdc.gov/Nchs/Data/Nhanes/Public/2017/DataFiles/DEMO_J.XPT","2017_2018/DEMO_J.xpt","C0B46E0345EA19404928656277C8B0D10B0CCA348A9B2FE4FC3C67E8B7EE73EC","sampling,demographics,pregnancy,design"
"2017_2018","Questionnaire","MCQ_J","https://wwwn.cdc.gov/Nchs/Data/Nhanes/Public/2017/DataFiles/MCQ_J.XPT","2017_2018/MCQ_J.xpt","79C50C805A377FCD61D44FAE8B86A16AF0A5741F8B1AEEBDA918D7D743C68F98","stroke outcome"
"2017_2018","Questionnaire","BPQ_J","https://wwwn.cdc.gov/Nchs/Data/Nhanes/Public/2017/DataFiles/BPQ_J.XPT","2017_2018/BPQ_J.xpt","63CFE1C331A1E7D3534328AC86312A21FFEE3E01AA189BC1F74D06855239E5AA","hypertension,hyperlipidemia"
"2017_2018","Questionnaire","DIQ_J","https://wwwn.cdc.gov/Nchs/Data/Nhanes/Public/2017/DataFiles/DIQ_J.XPT","2017_2018/DIQ_J.xpt","1ECBF5360DFC331D1EFBF32198553DC30E9A1F4CFF0A907ED30CA72BAC797F89","diabetes"
"2017_2018","Questionnaire","SMQ_J","https://wwwn.cdc.gov/Nchs/Data/Nhanes/Public/2017/DataFiles/SMQ_J.XPT","2017_2018/SMQ_J.xpt","73C3708E540CBF520A566508AA629C3E4BA53CAD77DAE9388CA36384646455F4","smoking"
"2017_2018","Questionnaire","ALQ_J","https://wwwn.cdc.gov/Nchs/Data/Nhanes/Public/2017/DataFiles/ALQ_J.XPT","2017_2018/ALQ_J.xpt","53006D407764AD16491F823D25F2781BA55363AEE9CB304D3F5D9450CF25D5C1","alcohol"
"2017_2018","Examination","BMX_J","https://wwwn.cdc.gov/Nchs/Data/Nhanes/Public/2017/DataFiles/BMX_J.XPT","2017_2018/BMX_J.xpt","8D675E42D8826AC98714B2C3DD4C5138A5E353FB4424F7EFF5E6DB4A01CE838A","BMI"
"2017_2018","Laboratory","PHTHTE_J","https://wwwn.cdc.gov/Nchs/Data/Nhanes/Public/2017/DataFiles/PHTHTE_J.XPT","2017_2018/PHTHTE_J.xpt","89E55B4459086E41E815228B18C144A8046BF9E2391137C3602CCE92DFD3B67D","phthalate metabolites,subsample weight,creatinine through 2013_2014"
"2017_2018","Laboratory","ALB_CR_J","https://wwwn.cdc.gov/Nchs/Data/Nhanes/Public/2017/DataFiles/ALB_CR_J.XPT","2017_2018/ALB_CR_J.xpt","0017A7B8D87D29009923E22300B4EC393B06C9BBF6147EB6B2D777ACA605BCBF","urinary creatinine source"
