"Cycle","Component","Workspace_RDS","Translated_RDS_SHA","Rows","Columns"
"2003_2004","DEMO_C","2003_2004/DEMO_C.rds","BDDC728153685B869CD41A685FED1980B0288065E933F63017F31C3DAA6E4DBD",10122,44
"2003_2004","MCQ_C","2003_2004/MCQ_C.rds","BD4C4E234CC67DF7BE1F877D23268794916F128B6D885102F667CFE5D44E100E",9645,154
"2003_2004","BPQ_C","2003_2004/BPQ_C.rds","F52B35C720801DBA0DF7999DD77B500B23938720A55D14F2D6C8684138F519E6",6213,36
"2003_2004","DIQ_C","2003_2004/DIQ_C.rds","5E2AB798E5BEB0E5DC0833E0D25394C297DB793DF1F00D72BF728EC187C07057",9645,17
"2003_2004","SMQ_C","2003_2004/SMQ_C.rds","2287C30434DC9C8EAB29D080A0A1A67B4CF0E4C3954523872411029E5B7CE335",5041,42
"2003_2004","ALQ_C","2003_2004/ALQ_C.rds","5484874DA16D5314A3DCAD59D7387D1235394C2580AC3D62649B9C2CBF2DFFA2",4742,9
"2003_2004","BMX_C","2003_2004/BMX_C.rds","C5BB8F46A2F61181F5BA176793945397EE7E2E2EACCB784E66CA48057D9EC756",9643,33
"2003_2004","L24PH_C","2003_2004/L24PH_C.rds","B204F8B87152D9864B842E55ECCC6D5CDDEC079AC9C82EAB406894223DD71503",2697,29
"2005_2006","DEMO_D","2005_2006/DEMO_D.rds","945DFBA93502A3E49638FE9F33E8634607788F10F3E4B11061FAAF044597B14A",10348,43
"2005_2006","MCQ_D","2005_2006/MCQ_D.rds","A41F4B75D9EC750E9A590DF8C37B9365D710A60DBE508467AEB7AC01DDE7AED8",9822,89
"2005_2006","BPQ_D","2005_2006/BPQ_D.rds","504877B327B293E78C0B43A52E44F4D111F1D78F25952D24C6C8A04925E10828",6139,16
"2005_2006","DIQ_D","2005_2006/DIQ_D.rds","F78C1F2CDEC597EB672CA383491D802C3DB36E57520AA847B5AE808177D150B0",9822,36
"2005_2006","SMQ_D","2005_2006/SMQ_D.rds","1A85B38AE05021C71F2E9E5F71B5AE6CE2F001A40B8C9A81817CE154A1C7A4AE",7186,39
"2005_2006","ALQ_D","2005_2006/ALQ_D.rds","E539A56BB24CABE2E45E859632A0A469DC0B94F5B233F7A1D71B0A94A07A5E36",4773,9
"2005_2006","BMX_D","2005_2006/BMX_D.rds","1B8B3DDE2DFDCF71F4F6B0DA56DF41D4A757CA9D54D8ECF2047D077411C1430A",9950,27
"2005_2006","PHTHTE_D","2005_2006/PHTHTE_D.rds","14ADDA78A2F87019EE83219A8D0863E8581BC1076B0512D55EE83EE99AED1BAE",2638,33
"2007_2008","DEMO_E","2007_2008/DEMO_E.rds","89A332745103715436235784E3959AF5ECB63F357A47C51E46D645212774FBBF",10149,43
"2007_2008","MCQ_E","2007_2008/MCQ_E.rds","263793FD9145B204EC791D122E4D24F12580613751DC4404350B87A75E9FB340",9666,92
"2007_2008","BPQ_E","2007_2008/BPQ_E.rds","CE6247D637A31F7BAD6690082198B264FDDE42DF9E63F8968CEA83E31A3DDED6",6546,19
"2007_2008","DIQ_E","2007_2008/DIQ_E.rds","6D7B99C45775997BE0278AB641A07DEA2B7135C357CA61541EADCC753783F7C0",9666,36
"2007_2008","SMQ_E","2007_2008/SMQ_E.rds","A93EA2D53A5794BE26EC88550A3818B66DEE19A5D108A24BB9F2D6C74743371C",7145,37
"2007_2008","ALQ_E","2007_2008/ALQ_E.rds","7A83485AA42D7E1E10BFAD4F63F51FBD55BCE2B793CABC94B30CAC22AF9D76E3",5707,9
"2007_2008","BMX_E","2007_2008/BMX_E.rds","B00ACDB0D45E1DF1E2403E92C1325B072F5A8ECB105FD9C20CC834B7752C11B6",9762,23
"2007_2008","PHTHTE_E","2007_2008/PHTHTE_E.rds","0D2EAB58F8AA77655ADE0A7E687AA7154E0CF04C9010B79B659ECC7846CE00C3",2718,33
"2009_2010","DEMO_F","2009_2010/DEMO_F.rds","652EDD09183D0D50A66E283BB46D2F220231EAC2D4743FD24EEE7B3F7892A2BB",10537,43
"2009_2010","MCQ_F","2009_2010/MCQ_F.rds","FAEFB5204F639EDEAF8ED49A99FF99E91030FB06112DD00E19E372CBA1B54ACC",10109,81
"2009_2010","BPQ_F","2009_2010/BPQ_F.rds","914D96379CC294249C55BC7DE07C9A965F49502E86DB98404190FCDEC5DE2148",6889,21
"2009_2010","DIQ_F","2009_2010/DIQ_F.rds","8E68DC12E6DA3C9A7F957556332195501A12F776C86C80D02B1A773863F21E09",10109,20
"2009_2010","SMQ_F","2009_2010/SMQ_F.rds","ACD21C0D16610ECDE8DC1232522B4CBAB3214AA897CC9947221928EB0CF1916B",7528,37
"2009_2010","ALQ_F","2009_2010/ALQ_F.rds","CB25E7635C0A1C17563D2F772FE085F0432F3EA561CA9F466F63692A863D0742",6059,9
"2009_2010","BMX_F","2009_2010/BMX_F.rds","FF8303871334B4E63EBDCB6CC7251D846C4B8C52092D297A3F37574781A5BD76",10253,23
"2009_2010","PHTHTE_F","2009_2010/PHTHTE_F.rds","5333F5BF9790C9D6DA66CAB75A56BD19C1D120F3871D0F3646F7740E3F36671E",2819,33
"2011_2012","DEMO_G","2011_2012/DEMO_G.rds","CAE06D61425CB2A1F5903C4BD2376D98A88D044AC25AEDD727771AA279F55380",9756,48
"2011_2012","MCQ_G","2011_2012/MCQ_G.rds","5CF8AB866857317223E591E0583DF3C9609D94B58614AEDB5E0E0AF0E2E8A45B",9364,92
"2011_2012","BPQ_G","2011_2012/BPQ_G.rds","C4B675A2201AAB68940E18561F6B1209BA26F2329B3A1B4D90BC0CF093DB8C59",6175,15
"2011_2012","DIQ_G","2011_2012/DIQ_G.rds","B07F537D003885A8FAEDDB3E94B78AEC8482F56CE14C996689F514E01042F913",9364,53
"2011_2012","SMQ_G","2011_2012/SMQ_G.rds","708D3C73842E0174A068F79E510A61E694A17D986C087EB5CCA775C8D6FBE615",6790,30
"2011_2012","ALQ_G","2011_2012/ALQ_G.rds","EE48CF0A7FCBCCD739CC7EC5C64C90582D419885BFACA37259651AEEA16C3AE7",5615,10
"2011_2012","BMX_G","2011_2012/BMX_G.rds","9FD0ECA0E9110616EEC744312B32180D8A1BF9E1B7C19C33B7AB53C57F878DB2",9338,26
"2011_2012","PHTHTE_G","2011_2012/PHTHTE_G.rds","34D3E7D3352F75093D0094D927961BFDF0C5EC5B2AA29BDE68C00557B688F52A",2594,31
"2013_2014","DEMO_H","2013_2014/DEMO_H.rds","C42CA9E5A2D5EAB64C6D0220B0DFD2C1B44E4458B22F97F071BA2B7CD49418CA",10175,47
"2013_2014","MCQ_H","2013_2014/MCQ_H.rds","F0358533A805129D6AC074AB26B818E03C0BA453929E9B112D890BD0ADE2A301",9770,95
"2013_2014","BPQ_H","2013_2014/BPQ_H.rds","D3302843EB434198A23539267AB6D1328ABCC1C2BECE8E0845786B7AE58C733B",6464,14
"2013_2014","DIQ_H","2013_2014/DIQ_H.rds","A5BDA35375260FD32EF0D17889ACF051C5972AAA251B2BC43076B1DE51ECF383",9770,54
"2013_2014","SMQ_H","2013_2014/SMQ_H.rds","FFAC703832CDA8A452C7E6555F1646D2D8C307FB7F0D3FDDCEE57B5BA40A1F56",7168,32
"2013_2014","ALQ_H","2013_2014/ALQ_H.rds","E286CBE56B2236AB2F39390A7189EFBFBFE97FFC54D36F09BDED8BA5EE342945",5924,10
"2013_2014","BMX_H","2013_2014/BMX_H.rds","346025DE12611E3CF1C1DE18010686AF54E66ADB2C9ACF7BDC0697F4951D8E83",9813,26
"2013_2014","PHTHTE_H","2013_2014/PHTHTE_H.rds","39D0BA99A1EEE46FA36C1F84487065BC2CFB0076EA57264BBBA85847AD7E61E3",2777,29
"2015_2016","DEMO_I","2015_2016/DEMO_I.rds","B96FB910C00AD92AE9F4AAC891400A3AA8334895D907EF555B0A6F19B1DC6B39",9971,47
"2015_2016","MCQ_I","2015_2016/MCQ_I.rds","893C0F0842BCD19544963869657FB76A9D468CC4F1C0611871E96301A2D3AE56",9575,90
"2015_2016","BPQ_I","2015_2016/BPQ_I.rds","795BCD337853FAC78B373BBE713C24CFCD36BDECDCE4B5E3A01ED41942BFA75B",6327,11
"2015_2016","DIQ_I","2015_2016/DIQ_I.rds","27CF831BA71B8C09C392C624D51AE2E7DAFD2DB36D55AE4287D6BA35D23A6914",9575,54
"2015_2016","SMQ_I","2015_2016/SMQ_I.rds","E13482C6E3DC8CAF5BF012577C19755B39B2087FABED244C34AC04552E3DA05E",7001,42
"2015_2016","ALQ_I","2015_2016/ALQ_I.rds","6A8909206672F380DD269FA38E5AABD37FFAC6FB27F0912C488C469C578C19F0",5735,10
"2015_2016","BMX_I","2015_2016/BMX_I.rds","98D52E81B15C8DDC3A11BF18228115375FD916525413A1B9669B0C90FB85A03F",9544,26
"2015_2016","PHTHTE_I","2015_2016/PHTHTE_I.rds","4AF2D936D0141CD2EBF87F1C6E8AF88B3609F87432490BAAAB1F895693B23436",3205,34
"2015_2016","ALB_CR_I","2015_2016/ALB_CR_I.rds","9B091ED0A6AD2F62C87F49C78CF107C227F98E2D053D873E52CF25781B08971C",8608,8
"2017_2018","DEMO_J","2017_2018/DEMO_J.rds","1730A25CA3D89554067FEBF055F943FD763F284FAA2BC043C090CEAEFF97F5BC",9254,46
"2017_2018","MCQ_J","2017_2018/MCQ_J.rds","93AFDFAE21389D967B91648E543D46CC584420D29D21C2A65E8FC52C1B08C771",8897,76
"2017_2018","BPQ_J","2017_2018/BPQ_J.rds","329C314F36F9C9F15E9AA2365FD6204C3C3AB93B7E695B218A42FBA7EAE6E211",6161,11
"2017_2018","DIQ_J","2017_2018/DIQ_J.rds","0E26B406F1717A28BB0E1C776FADB1B6B2B83BC0ED5E02C804F5B62EA19DCB16",8897,54
"2017_2018","SMQ_J","2017_2018/SMQ_J.rds","7F66CC0C1188697A1DAB8A21066A4F7329E39E32DCF701F186D40F611B3B0BB3",6724,37
"2017_2018","ALQ_J","2017_2018/ALQ_J.rds","C69D771EDD06C3450526C305803790D92A7FF6B241A73CD78DF54E3E0E283851",5533,10
"2017_2018","BMX_J","2017_2018/BMX_J.rds","583E7E0D220CC0A165CBED8CCF41CFEA3D9CF957543C3CE4DEAD98EF371DA583",8704,21
"2017_2018","PHTHTE_J","2017_2018/PHTHTE_J.rds","3FA5276E35DBDDA5BDD1EC5865F7AB87EF9D36503FB9B3E7F57808848C92B2D4",2986,40
"2017_2018","ALB_CR_J","2017_2018/ALB_CR_J.rds","A718BA56883168B1A3719A8B2009690B10271273005387F9BE9BE5C16E927D91",7936,8
