"key","sex","direction","component","weight","rank"
"WQS_Female_Positive","Female","Positive","MCNP_ln",0.237201680238452,1
"WQS_Female_Positive","Female","Positive","MBzP_ln",0.193483800736283,2
"WQS_Female_Positive","Female","Positive","MBP_ln",0.144126344596801,3
"WQS_Female_Positive","Female","Positive","MCPP_ln",0.134436032720292,4
"WQS_Female_Positive","Female","Positive","MiBP_ln",0.114970010337132,5
"WQS_Female_Positive","Female","Positive","MEP_ln",0.100509223679913,6
"WQS_Female_Positive","Female","Positive","MECPP_ln",0.0635069416672755,7
"WQS_Female_Positive","Female","Positive","MCOP_ln",0.00893233476184765,8
"WQS_Female_Positive","Female","Positive","MEHHP_ln",0.00252801852333684,9
"WQS_Female_Positive","Female","Positive","MEOHP_ln",0.000305612738666214,10
"WQS_Female_Negative","Female","Negative","MEOHP_ln",0.37011873095286,1
"WQS_Female_Negative","Female","Negative","MCOP_ln",0.339162393841214,2
"WQS_Female_Negative","Female","Negative","MEHHP_ln",0.140422978122836,3
"WQS_Female_Negative","Female","Negative","MEP_ln",0.0536048529507841,4
"WQS_Female_Negative","Female","Negative","MiBP_ln",0.0350568685617751,5
"WQS_Female_Negative","Female","Negative","MBP_ln",0.024997776829704,6
"WQS_Female_Negative","Female","Negative","MBzP_ln",0.0197215467259985,7
"WQS_Female_Negative","Female","Negative","MCPP_ln",0.00814016788443751,8
"WQS_Female_Negative","Female","Negative","MCNP_ln",0.00799087756544647,9
"WQS_Female_Negative","Female","Negative","MECPP_ln",0.000783806564944341,10
"WQS_Male_Positive","Male","Positive","MBzP_ln",0.267733060306514,1
"WQS_Male_Positive","Male","Positive","MCPP_ln",0.260466346702408,2
"WQS_Male_Positive","Male","Positive","MECPP_ln",0.12036757365322,3
"WQS_Male_Positive","Male","Positive","MEP_ln",0.116134003467079,4
"WQS_Male_Positive","Male","Positive","MEOHP_ln",0.0752653596620658,5
"WQS_Male_Positive","Male","Positive","MBP_ln",0.067811296593118,6
"WQS_Male_Positive","Male","Positive","MCOP_ln",0.0595278047434575,7
"WQS_Male_Positive","Male","Positive","MEHHP_ln",0.0154108854020771,8
"WQS_Male_Positive","Male","Positive","MiBP_ln",0.0111515973005518,9
"WQS_Male_Positive","Male","Positive","MCNP_ln",0.00613207216950908,10
"WQS_Male_Negative","Male","Negative","MCNP_ln",0.350002018981052,1
"WQS_Male_Negative","Male","Negative","MiBP_ln",0.31391301682132,2
"WQS_Male_Negative","Male","Negative","MEHHP_ln",0.0825000120949751,3
"WQS_Male_Negative","Male","Negative","MEP_ln",0.0767461073733472,4
"WQS_Male_Negative","Male","Negative","MCOP_ln",0.0733141440329567,5
"WQS_Male_Negative","Male","Negative","MBP_ln",0.0575511241735544,6
"WQS_Male_Negative","Male","Negative","MBzP_ln",0.0208555406649253,7
"WQS_Male_Negative","Male","Negative","MEOHP_ln",0.0122668712394638,8
"WQS_Male_Negative","Male","Negative","MCPP_ln",0.00804493866170867,9
"WQS_Male_Negative","Male","Negative","MECPP_ln",0.00480622595669691,10
