"analysis","sex","exposure","model","N","events","DOMAIN_DF","beta","SE","OR","CI_lower","CI_upper","P_full","P_report","direction","nominal","q","FDR","era"
"era_stratified","Female","MBP","Model3",2529,95,62,-0.0957901548531099,0.162393833877285,0.908654672837102,0.656776958236749,1.25712892956131,0.557426008188897,"0.557","NEGATIVE",FALSE,,,"2003-2010"
"era_stratified","Female","MBP","Model3",2693,103,62,0.429972126594362,0.198658595403303,1.53721467554292,1.03340508010185,2.28664345105759,0.0342948854521263,"0.034","POSITIVE",TRUE,,,"2011-2018"
"era_stratified","Female","MBzP","Model3",2529,95,62,0.0754680509984728,0.121470453036406,1.07838877372309,0.845905248732502,1.37476667633225,0.536688264627805,"0.537","POSITIVE",FALSE,,,"2003-2010"
"era_stratified","Female","MBzP","Model3",2693,103,62,0.196676082121353,0.106268861951269,1.21734965551716,0.984371073238853,1.50546904930045,0.0689721208690607,"0.069","POSITIVE",FALSE,,,"2011-2018"
"era_stratified","Female","MECPP","Model3",2529,95,62,0.0961475984503966,0.147102283356346,1.10092154631686,0.820447237296365,1.47727750920184,0.515779623300057,"0.516","POSITIVE",FALSE,,,"2003-2010"
"era_stratified","Female","MECPP","Model3",2693,103,62,0.107276402926076,0.219775817780538,1.11324191528101,0.717452025534808,1.72737342404841,0.627188544946185,"0.627","POSITIVE",FALSE,,,"2011-2018"
"era_stratified","Female","MEHHP","Model3",2529,95,62,-0.0475974536637717,0.146290769085657,0.953517544826384,0.711750013205157,1.27740876912308,0.74600259832802,"0.746","NEGATIVE",FALSE,,,"2003-2010"
"era_stratified","Female","MEHHP","Model3",2693,103,62,0.124817046119517,0.202910271761081,1.13294115812346,0.755183277418827,1.69966113677364,0.540717417367957,"0.541","POSITIVE",FALSE,,,"2011-2018"
"era_stratified","Female","MEOHP","Model3",2529,95,62,-0.0562694114869162,0.147920393354936,0.945284431097598,0.703309614933726,1.27051107606386,0.70494621540112,"0.705","NEGATIVE",FALSE,,,"2003-2010"
"era_stratified","Female","MEOHP","Model3",2693,103,62,0.072169000683819,0.212615118964702,1.07483697689943,0.702687811469729,1.6440793593587,0.735429219386527,"0.735","POSITIVE",FALSE,,,"2011-2018"
"era_stratified","Female","MCPP","Model3",2529,95,62,-0.0186379839604436,0.107229092114699,0.98153462921191,0.792164754934034,1.21617406270794,0.862577429708607,"0.863","NEGATIVE",FALSE,,,"2003-2010"
"era_stratified","Female","MCPP","Model3",2693,103,62,0.112604774260491,0.0944049545529108,1.11918951302354,0.926716077857997,1.35163853955904,0.23749862295883,"0.237","POSITIVE",FALSE,,,"2011-2018"
"era_stratified","Female","MEP","Model3",2529,95,62,-0.137283099227361,0.0855350334337314,0.871723406973615,0.734720448150798,1.03427323981287,0.113577580050429,"0.114","NEGATIVE",FALSE,,,"2003-2010"
"era_stratified","Female","MEP","Model3",2693,103,62,-0.0850376964760054,0.10307522976382,0.918477660377774,0.747454275950239,1.12863253279347,0.412531108781414,"0.413","NEGATIVE",FALSE,,,"2011-2018"
"era_stratified","Female","MiBP","Model3",2529,95,62,-0.105348568031875,0.173874205199948,0.900010752927592,0.635770168157714,1.27407575245706,0.546799910738805,"0.547","NEGATIVE",FALSE,,,"2003-2010"
"era_stratified","Female","MiBP","Model3",2693,103,62,0.182432483967708,0.143870917812642,1.20013311999168,0.900179237355176,1.60003635490725,0.209528781904181,"0.210","POSITIVE",FALSE,,,"2011-2018"
"era_stratified","Female","MCNP","Model3",1949,78,47,0.228919242878739,0.131984326230822,1.25724050378623,0.964062672635843,1.63957565127897,0.0893944870363718,"0.089","POSITIVE",FALSE,,,"2003-2010"
"era_stratified","Female","MCNP","Model3",2693,103,62,-0.0185555781512782,0.194193924680637,0.981615516700008,0.665814815195164,1.44720273661045,0.924184723125259,"0.924","NEGATIVE",FALSE,,,"2011-2018"
"era_stratified","Female","MCOP","Model3",1949,78,47,-0.119249048111124,0.111833025444101,0.887586721436966,0.708767256692197,1.11152170283362,0.291729064375016,"0.292","NEGATIVE",FALSE,,,"2003-2010"
"era_stratified","Female","MCOP","Model3",2693,103,62,0.00450459350424446,0.121475607291787,1.00451475443679,0.787949178505574,1.28060275891774,0.970538534289178,"0.971","POSITIVE",FALSE,,,"2011-2018"
"era_stratified","Male","MBP","Model3",2612,92,62,0.122361537376238,0.159110079114883,1.13016262395764,0.822263004040544,1.5533564690548,0.444791163115346,"0.445","POSITIVE",FALSE,,,"2003-2010"
"era_stratified","Male","MBP","Model3",2694,95,62,0.213918226223415,0.147293355789917,1.2385213720824,0.922639221675582,1.66255146439485,0.1514527058916,"0.151","POSITIVE",FALSE,,,"2011-2018"
"era_stratified","Male","MBzP","Model3",2612,92,62,0.0987251419548453,0.142737527730295,1.10376287975466,0.829772999322838,1.46822383437221,0.491735939490929,"0.492","POSITIVE",FALSE,,,"2003-2010"
"era_stratified","Male","MBzP","Model3",2694,95,62,-0.205134651834501,0.156625496345516,0.81453763004069,0.595577022375038,1.11399789754567,0.195124954988451,"0.195","NEGATIVE",FALSE,,,"2011-2018"
"era_stratified","Male","MECPP","Model3",2612,92,62,0.0379279633590361,0.102882779687979,1.03865640886468,0.845580603507748,1.27581821437298,0.713642842377137,"0.714","POSITIVE",FALSE,,,"2003-2010"
"era_stratified","Male","MECPP","Model3",2694,95,62,-0.268007632585584,0.220982657793268,0.764901942901041,0.491769252605892,1.18973477734418,0.229807398049826,"0.230","NEGATIVE",FALSE,,,"2011-2018"
"era_stratified","Male","MEHHP","Model3",2612,92,62,0.0394840896094015,0.0988868316285871,1.04027394758845,0.853689384084592,1.26763891669061,0.691054853053658,"0.691","POSITIVE",FALSE,,,"2003-2010"
"era_stratified","Male","MEHHP","Model3",2694,95,62,-0.245249969835057,0.18933690357808,0.782508910169123,0.535942153017163,1.14251172639981,0.200015708174141,"0.200","NEGATIVE",FALSE,,,"2011-2018"
"era_stratified","Male","MEOHP","Model3",2612,92,62,0.0679249840185435,0.0967614914646964,1.07028501698625,0.882057103948759,1.29868011091015,0.485316377449311,"0.485","POSITIVE",FALSE,,,"2003-2010"
"era_stratified","Male","MEOHP","Model3",2694,95,62,-0.172422356007481,0.187865528799106,0.841623633294024,0.5781278753732,1.22521395402667,0.362281954360994,"0.362","NEGATIVE",FALSE,,,"2011-2018"
"era_stratified","Male","MCPP","Model3",2612,92,62,-0.104867211931373,0.130146317258507,0.900444082878672,0.694178606735436,1.16799846397488,0.423458648740073,"0.423","NEGATIVE",FALSE,,,"2003-2010"
"era_stratified","Male","MCPP","Model3",2694,95,62,-0.252195244645137,0.19778004772661,0.777093000009381,0.523325348698587,1.1539160718381,0.207020900489352,"0.207","NEGATIVE",FALSE,,,"2011-2018"
"era_stratified","Male","MEP","Model3",2612,92,62,-0.217207317681784,0.10260490694098,0.804763110386766,0.655529741767503,0.987969915892973,0.0382856620554137,"0.038","NEGATIVE",TRUE,,,"2003-2010"
"era_stratified","Male","MEP","Model3",2694,95,62,0.143632425289242,0.0951099742492592,1.15445968034208,0.954574388606507,1.3962004108251,0.136079513267317,"0.136","POSITIVE",FALSE,,,"2011-2018"
"era_stratified","Male","MiBP","Model3",2612,92,62,-0.14912646680772,0.151879465608788,0.861460161892982,0.635890314125623,1.16704657083686,0.329978112598548,"0.330","NEGATIVE",FALSE,,,"2003-2010"
"era_stratified","Male","MiBP","Model3",2694,95,62,0.126239338147904,0.175756733871394,1.13455367776637,0.79844166734537,1.61215540267692,0.475293957483617,"0.475","POSITIVE",FALSE,,,"2011-2018"
"era_stratified","Male","MCNP","Model3",2030,72,47,-0.266100437105098,0.182865410667281,0.76636215243946,0.530477257222437,1.10713690491989,0.15226891885232,"0.152","NEGATIVE",FALSE,,,"2003-2010"
"era_stratified","Male","MCNP","Model3",2694,95,62,-0.506111241715393,0.206628651549656,0.602835307340057,0.398855520863603,0.911132951071916,0.0171496109187493,"0.017","NEGATIVE",TRUE,,,"2011-2018"
"era_stratified","Male","MCOP","Model3",2030,72,47,0.0244201797586115,0.126713109392714,1.02472079438156,0.794141425349524,1.32224900114715,0.848008435031219,"0.848","POSITIVE",FALSE,,,"2003-2010"
"era_stratified","Male","MCOP","Model3",2694,95,62,-0.30771971978155,0.138474389753305,0.735121329104011,0.55736994758435,0.969559573216612,0.029926476643131,"0.030","NEGATIVE",TRUE,,,"2011-2018"
