stage_order,saved_stage,remaining_N_saved,previous_remaining_N,adjacent_arithmetic_difference_N,derived_count_basis,branch_role,reason_scope,source_path,source_sha256
1,pooled,80312,,,NOT_APPLICABLE,PRIMARY_FLOW,Stage-defined adjacent remaining-N subtraction; not mutually exclusive missing-reason accounting,resume_cholesterol_proxy/participant_flow_counts.csv,77B8196F2C8ED8E3D8468FCD5F56ECA41BFEF3C38480C722DC39C44DA46ED8D8
2,adult,44790,80312,35522,ARITHMETIC_ONLY,PRIMARY_FLOW,Stage-defined adjacent remaining-N subtraction; not mutually exclusive missing-reason accounting,resume_cholesterol_proxy/participant_flow_counts.csv,77B8196F2C8ED8E3D8468FCD5F56ECA41BFEF3C38480C722DC39C44DA46ED8D8
3,nonpregnant,43849,44790,941,ARITHMETIC_ONLY,PRIMARY_FLOW,Stage-defined adjacent remaining-N subtraction; not mutually exclusive missing-reason accounting,resume_cholesterol_proxy/participant_flow_counts.csv,77B8196F2C8ED8E3D8468FCD5F56ECA41BFEF3C38480C722DC39C44DA46ED8D8
4,valid_stroke,43781,43849,68,ARITHMETIC_ONLY,PRIMARY_FLOW,Stage-defined adjacent remaining-N subtraction; not mutually exclusive missing-reason accounting,resume_cholesterol_proxy/participant_flow_counts.csv,77B8196F2C8ED8E3D8468FCD5F56ECA41BFEF3C38480C722DC39C44DA46ED8D8
5,positive_weight_design,13634,43781,30147,ARITHMETIC_ONLY,PRIMARY_FLOW,Stage-defined adjacent remaining-N subtraction; not mutually exclusive missing-reason accounting,resume_cholesterol_proxy/participant_flow_counts.csv,77B8196F2C8ED8E3D8468FCD5F56ECA41BFEF3C38480C722DC39C44DA46ED8D8
6,creatinine_available,13425,13634,209,ARITHMETIC_ONLY,PRIMARY_FLOW,Stage-defined adjacent remaining-N subtraction; not mutually exclusive missing-reason accounting,resume_cholesterol_proxy/participant_flow_counts.csv,77B8196F2C8ED8E3D8468FCD5F56ECA41BFEF3C38480C722DC39C44DA46ED8D8
7,eight_analytes_available_preCC,13329,13425,96,ARITHMETIC_ONLY,PRIMARY_FLOW,Stage-defined adjacent remaining-N subtraction; not mutually exclusive missing-reason accounting,resume_cholesterol_proxy/participant_flow_counts.csv,77B8196F2C8ED8E3D8468FCD5F56ECA41BFEF3C38480C722DC39C44DA46ED8D8
8,covariates_complete,10528,13329,2801,ARITHMETIC_ONLY,PRIMARY_FLOW,Stage-defined adjacent remaining-N subtraction; not mutually exclusive missing-reason accounting,resume_cholesterol_proxy/participant_flow_counts.csv,77B8196F2C8ED8E3D8468FCD5F56ECA41BFEF3C38480C722DC39C44DA46ED8D8
9,common_cycle_complete,9366,10528,1162,ARITHMETIC_ONLY,COMMON_CYCLE_BRANCH_FROM_PRIMARY_CC,Stage-defined adjacent remaining-N subtraction; not mutually exclusive missing-reason accounting,resume_cholesterol_proxy/participant_flow_counts.csv,77B8196F2C8ED8E3D8468FCD5F56ECA41BFEF3C38480C722DC39C44DA46ED8D8
