"analysis","sex","exposure","model","N","events","DOMAIN_DF","beta","SE","OR","CI_lower","CI_upper","P_full","P_report","direction","nominal","q","FDR"
"primary","Female","MBP","Model1",5222,198,124,0.161637585800825,0.0999192505937399,1.1754341700851,0.964514319527512,1.43247794276447,0.108272161654642,"0.108","POSITIVE",FALSE,,
"primary","Female","MBP","Model2",5222,198,124,0.12935432324073,0.0993080577702756,1.13809330564154,0.935004309210655,1.38529454847065,0.195140318725613,"0.195","POSITIVE",FALSE,,
"primary","Female","MBP","Model3",5222,198,124,0.132991973148458,0.104497038138166,1.14224082969653,0.928823138475739,1.40469596307317,0.205510429282095,"0.206","POSITIVE",FALSE,0.587172655091699,FALSE
"primary","Female","MBzP","Model1",5222,198,124,0.249044127758148,0.0725634855067832,1.28279863884895,1.11117794428237,1.48092603556442,0.000814505156470171,"<0.001","POSITIVE",TRUE,,
"primary","Female","MBzP","Model2",5222,198,124,0.162525471472061,0.0777303805904223,1.17647828470081,1.00871301396283,1.37214563033639,0.0385799623546149,"0.039","POSITIVE",TRUE,,
"primary","Female","MBzP","Model3",5222,198,124,0.134835512917732,0.0772711311545897,1.14434853831755,0.982057222869589,1.33345954457016,0.0834681666151534,"0.083","POSITIVE",FALSE,0.556454444101023,FALSE
"primary","Female","MECPP","Model1",5222,198,124,0.103761759850215,0.0851928700826451,1.10933613502406,0.937199792286168,1.31308891721814,0.225550529604184,"0.226","POSITIVE",FALSE,,
"primary","Female","MECPP","Model2",5222,198,124,0.0867172428138462,0.0904265842386719,1.09058826444811,0.911865938125664,1.30433950082257,0.339435172047086,"0.339","POSITIVE",FALSE,,
"primary","Female","MECPP","Model3",5222,198,124,0.0647276928461616,0.0923389778525889,1.06686846890953,0.888663162577828,1.28080962268275,0.484629416685446,"0.485","POSITIVE",FALSE,0.96428835754885,FALSE
"primary","Female","MEHHP","Model1",5222,198,124,0.0354191278033998,0.0856763915976554,1.03605385678872,0.87445149630647,1.22752102169265,0.680023299064287,"0.680","POSITIVE",FALSE,,
"primary","Female","MEHHP","Model2",5222,198,124,0.0240240920164499,0.0880367993756148,1.02431499540707,0.860513999427729,1.21929592140693,0.785394070643999,"0.785","POSITIVE",FALSE,,
"primary","Female","MEHHP","Model3",5222,198,124,0.0151549787949748,0.0892135188723919,1.01527039780658,0.850931569728781,1.21134767745292,0.865386755674846,"0.865","POSITIVE",FALSE,0.96428835754885,FALSE
"primary","Female","MEOHP","Model1",5222,198,124,0.0124698125261885,0.0889028628780334,1.01254788481651,0.849171716060894,1.20735676854889,0.888679512832359,"0.889","POSITIVE",FALSE,,
"primary","Female","MEOHP","Model2",5222,198,124,-0.00267558291641131,0.0931204902638237,0.997327993265392,0.829454421560702,1.19917755610877,0.977124141388886,"0.977","NEGATIVE",FALSE,,
"primary","Female","MEOHP","Model3",5222,198,124,-0.0126171567361006,0.0946353185553904,0.987462105879464,0.81879055447074,1.19088014049966,0.894153296393428,"0.894","NEGATIVE",FALSE,0.96428835754885,FALSE
"primary","Female","MCPP","Model1",5222,198,124,0.0647359310908659,0.0659380057717038,1.06687725806925,0.936342591734829,1.21560964312911,0.328125023288183,"0.328","POSITIVE",FALSE,,
"primary","Female","MCPP","Model2",5222,198,124,0.0744859923123662,0.0686905615026171,1.0773302525109,0.940379397987649,1.23422575553963,0.280304567653108,"0.280","POSITIVE",FALSE,,
"primary","Female","MCPP","Model3",5222,198,124,0.0604566663423337,0.0707632256351554,1.06232156229398,0.923482361501938,1.22203427889982,0.394557831774922,"0.395","POSITIVE",FALSE,0.887591505404582,FALSE
"primary","Female","MEP","Model1",5222,198,124,-0.0703119003993591,0.0599021046804749,0.932103051248947,0.82789003189661,1.0494341816838,0.242732643763543,"0.243","NEGATIVE",FALSE,,
"primary","Female","MEP","Model2",5222,198,124,-0.0745228745622985,0.061693836638317,0.928186241962131,0.821492674525939,1.04873692302241,0.229366493202317,"0.229","NEGATIVE",FALSE,,
"primary","Female","MEP","Model3",5222,198,124,-0.0867591226109633,0.0626185137714068,0.916897929014355,0.810018087069071,1.03788029631877,0.168381010993847,"0.168","NEGATIVE",FALSE,0.58224531112518,FALSE
"primary","Female","MiBP","Model1",5222,198,124,-0.00734686366480983,0.109248516951344,0.992680058566378,0.799650692505265,1.23230519014258,0.946491715598149,"0.946","NEGATIVE",FALSE,,
"primary","Female","MiBP","Model2",5222,198,124,0.00319314311935883,0.106388817043215,1.00319824663149,0.81271065793113,1.23833336283104,0.976104223065861,"0.976","POSITIVE",FALSE,,
"primary","Female","MiBP","Model3",5222,198,124,0.012821387514799,0.116667187572047,1.0129039339129,0.804048525032207,1.27601052348815,0.912668629385976,"0.913","POSITIVE",FALSE,0.96428835754885,FALSE
"primary","Female","MCNP","Model1",4642,181,109,0.084647503524311,0.114036025812173,1.08833336540002,0.868169599486932,1.36432963667804,0.459509828365358,"0.460","POSITIVE",FALSE,,
"primary","Female","MCNP","Model2",4642,181,109,0.116951852392598,0.111301670607841,1.1240653073325,0.901545793787049,1.40150708245329,0.295690770545603,"0.296","POSITIVE",FALSE,,
"primary","Female","MCNP","Model3",4642,181,109,0.0984115594568372,0.116328200209194,1.10341681329665,0.876212049677253,1.38953654462318,0.399416177432062,"0.399","POSITIVE",FALSE,0.887591505404582,FALSE
"primary","Female","MCOP","Model1",4642,181,109,-0.0544355347931295,0.0848437816744262,0.947019556701706,0.800440440826949,1.12044069118865,0.522481649991833,"0.522","NEGATIVE",FALSE,,
"primary","Female","MCOP","Model2",4642,181,109,-0.0288469958126055,0.0847879747784097,0.971565106624519,0.821277679744485,1.14935396357538,0.734341818494425,"0.734","NEGATIVE",FALSE,,
"primary","Female","MCOP","Model3",4642,181,109,-0.0516989338545717,0.0885955936440415,0.949614720653867,0.796687700962878,1.13189662221802,0.560736428288331,"0.561","NEGATIVE",FALSE,0.96428835754885,FALSE
"primary","Male","MBP","Model1",5306,187,124,0.224363225036442,0.105206837887976,1.2515255222834,1.01626020400815,1.54125501200298,0.0349296710532979,"0.035","POSITIVE",TRUE,,
"primary","Male","MBP","Model2",5306,187,124,0.177727325103643,0.105453153364457,1.19449956677872,0.969481385502901,1.47174482808084,0.0944326674986088,"0.094","POSITIVE",FALSE,,
"primary","Male","MBP","Model3",5306,187,124,0.145611021013785,0.102379554733809,1.15674615058395,0.944568758346241,1.41658470605515,0.157459482490522,"0.157","POSITIVE",FALSE,0.58224531112518,FALSE
"primary","Male","MBzP","Model1",5306,187,124,0.0314524457056336,0.120065319801662,1.03195230066532,0.813678092893517,1.30877992187483,0.793786080628817,"0.794","POSITIVE",FALSE,,
"primary","Male","MBzP","Model2",5306,187,124,-0.0776831619105128,0.117932862353997,0.925257536937106,0.732636702109989,1.16852118818693,0.511305420236797,"0.511","NEGATIVE",FALSE,,
"primary","Male","MBzP","Model3",5306,187,124,-0.0638530280363622,0.115945243036376,0.938142870098719,0.74576768447333,1.1801423728069,0.582818445737739,"0.583","NEGATIVE",FALSE,0.96428835754885,FALSE
"primary","Male","MECPP","Model1",5306,187,124,0.0336797254949247,0.0945792105947237,1.03425330871123,0.857684446185842,1.24717186062663,0.722370274844267,"0.722","POSITIVE",FALSE,,
"primary","Male","MECPP","Model2",5306,187,124,0.0165369262424312,0.0989167796576257,1.01667441805896,0.835899332404165,1.23654467980332,0.86750059887431,"0.868","POSITIVE",FALSE,,
"primary","Male","MECPP","Model3",5306,187,124,-0.0383078362521048,0.105386806197338,0.962416628557802,0.781220494010749,1.18563936049509,0.71685228639099,"0.717","NEGATIVE",FALSE,0.96428835754885,FALSE
"primary","Male","MEHHP","Model1",5306,187,124,0.0219864506291999,0.0874105408227028,1.02222993380419,0.859827496944362,1.21530660659127,0.801820068032209,"0.802","POSITIVE",FALSE,,
"primary","Male","MEHHP","Model2",5306,187,124,0.00989445082063239,0.0908048369590177,1.00994356274401,0.843805081233768,1.20879338441136,0.913407242955786,"0.913","POSITIVE",FALSE,,
"primary","Male","MEHHP","Model3",5306,187,124,-0.0314624272194542,0.0952297428895151,0.969027364822275,0.802559917005371,1.17002358811812,0.741667034621969,"0.742","NEGATIVE",FALSE,0.96428835754885,FALSE
"primary","Male","MEOHP","Model1",5306,187,124,0.0498215158157799,0.0938343903201599,1.05108347785596,0.872927278588048,1.2655996719552,0.59640206274981,"0.596","POSITIVE",FALSE,,
"primary","Male","MEOHP","Model2",5306,187,124,0.0379739089507548,0.0973594328925607,1.0387041316443,0.856648427591021,1.25945047973639,0.697177380837544,"0.697","POSITIVE",FALSE,,
"primary","Male","MEOHP","Model3",5306,187,124,-0.00547819477676904,0.0995911607897221,0.994536783169054,0.816607268571963,1.21123513241064,0.956221545928672,"0.956","NEGATIVE",FALSE,0.96428835754885,FALSE
"primary","Male","MCPP","Model1",5306,187,124,-0.129891554198841,0.115157945198923,0.878190661846665,0.699197950816081,1.10300500402575,0.261521873141148,"0.262","NEGATIVE",FALSE,,
"primary","Male","MCPP","Model2",5306,187,124,-0.137367578465137,0.124519426295441,0.871649767555187,0.681249679773021,1.11526410923548,0.272084545971733,"0.272","NEGATIVE",FALSE,,
"primary","Male","MCPP","Model3",5306,187,124,-0.168472670989825,0.123408486434275,0.844954354869564,0.661839212206179,1.07873309505667,0.174673593337554,"0.175","NEGATIVE",FALSE,0.58224531112518,FALSE
"primary","Male","MEP","Model1",5306,187,124,0.00805997988420596,0.0764708708081905,1.00809254896532,0.866496426232597,1.17282721141494,0.916229242301289,"0.916","POSITIVE",FALSE,,
"primary","Male","MEP","Model2",5306,187,124,-0.0121889068859141,0.0754806446481055,0.987885076940554,0.850793150772459,1.14706720941016,0.871975129251443,"0.872","NEGATIVE",FALSE,,
"primary","Male","MEP","Model3",5306,187,124,-0.00807440534406473,0.0719883430876792,0.991958105107067,0.860226543762361,1.14386249694642,0.910875788064856,"0.911","NEGATIVE",FALSE,0.96428835754885,FALSE
"primary","Male","MiBP","Model1",5306,187,124,0.0370139817161081,0.124781685628216,1.03770752966881,0.810613486245695,1.32842215852915,0.767245334422558,"0.767","POSITIVE",FALSE,,
"primary","Male","MiBP","Model2",5306,187,124,0.0218863167503638,0.122448657838807,1.02212757908053,0.802138592842418,1.30244922416077,0.858434567851525,"0.858","POSITIVE",FALSE,,
"primary","Male","MiBP","Model3",5306,187,124,-0.00526075612178857,0.117261644784922,0.994753057421854,0.788711720558094,1.25462018562363,0.96428835754885,"0.964","NEGATIVE",FALSE,0.96428835754885,FALSE
"primary","Male","MCNP","Model1",4724,167,109,-0.340022193023611,0.129005137532221,0.711754526602314,0.551173200018414,0.919120352952499,0.00961977124650091,"0.010","NEGATIVE",TRUE,,
"primary","Male","MCNP","Model2",4724,167,109,-0.327440224421349,0.130448019655114,0.720766374214965,0.556557962375492,0.933423293382864,0.0135379054272748,"0.014","NEGATIVE",TRUE,,
"primary","Male","MCNP","Model3",4724,167,109,-0.366587904837691,0.137912025538927,0.693095207382903,0.527331942980278,0.9109650437298,0.00903996953944125,"0.009","NEGATIVE",TRUE,0.180799390788825,FALSE
"primary","Male","MCOP","Model1",4724,167,109,-0.1607743466172,0.0933540808066103,0.851484189718039,0.707654640778365,1.02454683903763,0.0878697794013234,"0.088","NEGATIVE",FALSE,,
"primary","Male","MCOP","Model2",4724,167,109,-0.139279298397658,0.0922289427398306,0.869985009103344,0.72464451789337,1.04447614985741,0.133899337349158,"0.134","NEGATIVE",FALSE,,
"primary","Male","MCOP","Model3",4724,167,109,-0.182541095063406,0.0965712465678558,0.833150404856093,0.688016701295775,1.00889934183947,0.0613842890049551,"0.061","NEGATIVE",FALSE,0.556454444101023,FALSE
