"sex","component","positive_weight","negative_weight","net_weight"
"Female","MBP_ln",0.0947719342837181,0,0.0947719342837181
"Female","MBzP_ln",0.137597849295841,0,0.137597849295841
"Female","MECPP_ln",0.355052721870068,0,0.355052721870068
"Female","MEHHP_ln",0,0.206901709058545,-0.206901709058545
"Female","MEOHP_ln",0,0.495156577939028,-0.495156577939028
"Female","MCPP_ln",0.159301947267462,0,0.159301947267462
"Female","MEP_ln",0.0111962488877634,0,0.0111962488877634
"Female","MiBP_ln",0.0663177129053837,0,0.0663177129053837
"Female","MCNP_ln",0.175761585489764,0,0.175761585489764
"Female","MCOP_ln",0,0.297941713002427,-0.297941713002427
"Male","MBP_ln",0,0.036050394644875,-0.036050394644875
"Male","MBzP_ln",0.193559374539761,0,0.193559374539761
"Male","MECPP_ln",0.290194791209719,0,0.290194791209719
"Male","MEHHP_ln",0,0.3585912619178,-0.3585912619178
"Male","MEOHP_ln",0.231400478685215,0,0.231400478685215
"Male","MCPP_ln",0.284845355565304,0,0.284845355565304
"Male","MEP_ln",0,0.0216426623616192,-0.0216426623616192
"Male","MiBP_ln",0,0.234883235108643,-0.234883235108643
"Male","MCNP_ln",0,0.306721695349923,-0.306721695349923
"Male","MCOP_ln",0,0.0421107506171401,-0.0421107506171401
