"row_order","characteristic","variable","level","row_type","is_reference","stroke_N","stroke_count","stroke_mean","stroke_SD","stroke_weighted_percent","no_stroke_N","no_stroke_count","no_stroke_mean","no_stroke_SD","no_stroke_weighted_percent","test_statistic","numerator_df","denominator_df","full_precision_P"
"1","N","","","N",FALSE,"385","","","","","10143","","","","","","","",""
"2","Male (%)","sex","Male","CATEGORICAL",FALSE,"385","187","","","42.733918276377878","10143","5119","","","49.689160674438135","5.2370356531599187","1","124","0.023803503635001763"
"3","Age (years)","RIDAGEYR","","CONTINUOUS",FALSE,"385","","64.657985567723173","12.86545079434454","","10143","","46.581673480884916","16.537889875335129","","19.375348876110191","","123","3.5027421345574635e-39"
"4","BMI (kg/m²)","bmi","","CONTINUOUS",FALSE,"385","","29.956183765738835","6.8284533522780535","","10143","","28.891635710080699","6.8306942041143497","","2.051277597483403","","123","0.042363268647895129"
"5","Poverty-income ratio","pir","","CONTINUOUS",FALSE,"385","","2.3881337031423375","1.5030240987890655","","10143","","3.0740372998398486","1.6439351824861439","","-6.0796393081766107","","123","1.3978941362072733e-08"
"6","Race/ethnicity","race_eth_f","","CATEGORY_HEADER",FALSE,"","","","","","","","","","","2.6512084520226433","2.8207671878574967","349.77513129432958","0.052172799078250558"
"7","Non-Hispanic White","race_eth_f","Non-Hispanic White","CATEGORICAL",TRUE,"385","195","","","72.233941377711872","10143","4518","","","69.324033660862256","","","",""
"8","Non-Hispanic Black","race_eth_f","Non-Hispanic Black","CATEGORICAL",FALSE,"385","99","","","13.1692617814256","10143","2187","","","10.807017631932009","","","",""
"9","Mexican American","race_eth_f","Mexican American","CATEGORICAL",FALSE,"385","39","","","4.0424538809233193","10143","1567","","","7.8529392048496947","","","",""
"10","Other Hispanic","race_eth_f","Other Hispanic","CATEGORICAL",FALSE,"385","21","","","2.8346257307972453","10143","853","","","5.0692052639341876","","","",""
"11","Other/Multiracial","race_eth_f","Other/Multiracial","CATEGORICAL",FALSE,"385","31","","","7.7197172291419589","10143","1018","","","6.9468042384218682","","","",""
"12","Education","edu_f","","CATEGORY_HEADER",FALSE,"","","","","","","","","","","12.014640489049262","1.9004514776983472","235.65598323459506","1.5911602608621783e-05"
"13","Some college or above","edu_f","College or above","CATEGORICAL",TRUE,"385","148","","","45.295337836782949","10143","5438","","","61.887588316360208","","","",""
"14","High school graduate","edu_f","High school graduate","CATEGORICAL",FALSE,"385","99","","","29.322561158003889","10143","2376","","","23.474894029458465","","","",""
"15","Less than high school","edu_f","Less than high school","CATEGORICAL",FALSE,"385","138","","","25.382101005213158","10143","2329","","","14.637517654181325","","","",""
"16","Marital status","marital_f","","CATEGORY_HEADER",FALSE,"","","","","","","","","","","42.842118761345546","1.9621296700698669","243.30407908866351","1.9390826366787063e-16"
"17","Married/partnered","marital_f","Married/partnered","CATEGORICAL",TRUE,"385","198","","","56.536173383875486","10143","6123","","","64.198024688668127","","","",""
"18","Never married","marital_f","Never married","CATEGORICAL",FALSE,"385","26","","","5.5244355773565008","10143","1870","","","18.176215507923104","","","",""
"19","Separated/divorced/widowed","marital_f","Separated/divorced/widowed","CATEGORICAL",FALSE,"385","161","","","37.939391038768008","10143","2150","","","17.625759803408762","","","",""
"20","Ever smoking, %","smoking_f","Ever","CATEGORICAL",FALSE,"385","242","","","62.573033914376417","10143","4582","","","44.936868977577241","24.810289704464665","1","124","2.0722976764582038e-06"
"21","Alcohol use, yes (%)","alcohol_harmonized_f","Yes","CATEGORICAL",FALSE,"385","165","","","50.866795247893336","10143","7044","","","75.907995867610509","66.393793519957612","1","124","3.3928887880096673e-13"
"22","Hypertension, yes (%)","hypertension_f","Yes","CATEGORICAL",FALSE,"385","295","","","75.393405745725858","10143","3473","","","30.310845989613227","256.8025394239375","1","124","5.3334668788946755e-32"
"23","Diabetes, yes (%)","diabetes_f","Yes","CATEGORICAL",FALSE,"385","133","","","29.322794905702509","10143","1227","","","8.8855754145304022","110.15138034003093","1","124","7.9005299005220973e-19"
"24","Hyperlipidemia, yes (%)","hyperlipidemia_f","Yes","CATEGORICAL",FALSE,"385","221","","","58.083842758675551","10143","3298","","","32.219586131882409","60.527844846394274","1","124","2.4317212337890197e-12"
