"variable","level","group","type","N","count","mean","SD","weighted_percent"
"RIDAGEYR","","Stroke","CONTINUOUS","385","","64.657985567723173","12.86545079434454",""
"RIDAGEYR","","No stroke","CONTINUOUS","10143","","46.581673480884916","16.537889875335129",""
"bmi","","Stroke","CONTINUOUS","385","","29.956183765738835","6.8284533522780535",""
"bmi","","No stroke","CONTINUOUS","10143","","28.891635710080699","6.8306942041143497",""
"pir","","Stroke","CONTINUOUS","385","","2.3881337031423375","1.5030240987890655",""
"pir","","No stroke","CONTINUOUS","10143","","3.0740372998398486","1.6439351824861439",""
"sex","Female","Stroke","CATEGORICAL","385","198","","","57.266081723622122"
"sex","Male","Stroke","CATEGORICAL","385","187","","","42.733918276377878"
"sex","Female","No stroke","CATEGORICAL","10143","5024","","","50.310839325561865"
"sex","Male","No stroke","CATEGORICAL","10143","5119","","","49.689160674438135"
"race_eth_f","Non-Hispanic White","Stroke","CATEGORICAL","385","195","","","72.233941377711872"
"race_eth_f","Non-Hispanic Black","Stroke","CATEGORICAL","385","99","","","13.1692617814256"
"race_eth_f","Mexican American","Stroke","CATEGORICAL","385","39","","","4.0424538809233193"
"race_eth_f","Other Hispanic","Stroke","CATEGORICAL","385","21","","","2.8346257307972453"
"race_eth_f","Other/Multiracial","Stroke","CATEGORICAL","385","31","","","7.7197172291419589"
"race_eth_f","Non-Hispanic White","No stroke","CATEGORICAL","10143","4518","","","69.324033660862256"
"race_eth_f","Non-Hispanic Black","No stroke","CATEGORICAL","10143","2187","","","10.807017631932009"
"race_eth_f","Mexican American","No stroke","CATEGORICAL","10143","1567","","","7.8529392048496947"
"race_eth_f","Other Hispanic","No stroke","CATEGORICAL","10143","853","","","5.0692052639341876"
"race_eth_f","Other/Multiracial","No stroke","CATEGORICAL","10143","1018","","","6.9468042384218682"
"edu_f","College or above","Stroke","CATEGORICAL","385","148","","","45.295337836782949"
"edu_f","High school graduate","Stroke","CATEGORICAL","385","99","","","29.322561158003889"
"edu_f","Less than high school","Stroke","CATEGORICAL","385","138","","","25.382101005213158"
"edu_f","College or above","No stroke","CATEGORICAL","10143","5438","","","61.887588316360208"
"edu_f","High school graduate","No stroke","CATEGORICAL","10143","2376","","","23.474894029458465"
"edu_f","Less than high school","No stroke","CATEGORICAL","10143","2329","","","14.637517654181325"
"marital_f","Married/partnered","Stroke","CATEGORICAL","385","198","","","56.536173383875486"
"marital_f","Never married","Stroke","CATEGORICAL","385","26","","","5.5244355773565008"
"marital_f","Separated/divorced/widowed","Stroke","CATEGORICAL","385","161","","","37.939391038768008"
"marital_f","Married/partnered","No stroke","CATEGORICAL","10143","6123","","","64.198024688668127"
"marital_f","Never married","No stroke","CATEGORICAL","10143","1870","","","18.176215507923104"
"marital_f","Separated/divorced/widowed","No stroke","CATEGORICAL","10143","2150","","","17.625759803408762"
"smoking_f","Never","Stroke","CATEGORICAL","385","143","","","37.426966085623576"
"smoking_f","Ever","Stroke","CATEGORICAL","385","242","","","62.573033914376417"
"smoking_f","Never","No stroke","CATEGORICAL","10143","5561","","","55.063131022422759"
"smoking_f","Ever","No stroke","CATEGORICAL","10143","4582","","","44.936868977577241"
"alcohol_harmonized_f","No","Stroke","CATEGORICAL","385","220","","","49.133204752106657"
"alcohol_harmonized_f","Yes","Stroke","CATEGORICAL","385","165","","","50.866795247893336"
"alcohol_harmonized_f","No","No stroke","CATEGORICAL","10143","3099","","","24.092004132389491"
"alcohol_harmonized_f","Yes","No stroke","CATEGORICAL","10143","7044","","","75.907995867610509"
"hypertension_f","No","Stroke","CATEGORICAL","385","90","","","24.606594254274135"
"hypertension_f","Yes","Stroke","CATEGORICAL","385","295","","","75.393405745725858"
"hypertension_f","No","No stroke","CATEGORICAL","10143","6670","","","69.689154010386773"
"hypertension_f","Yes","No stroke","CATEGORICAL","10143","3473","","","30.310845989613227"
"diabetes_f","No","Stroke","CATEGORICAL","385","252","","","70.677205094297491"
"diabetes_f","Yes","Stroke","CATEGORICAL","385","133","","","29.322794905702509"
"diabetes_f","No","No stroke","CATEGORICAL","10143","8916","","","91.114424585469607"
"diabetes_f","Yes","No stroke","CATEGORICAL","10143","1227","","","8.8855754145304022"
"hyperlipidemia_f","No","Stroke","CATEGORICAL","385","164","","","41.916157241324449"
"hyperlipidemia_f","Yes","Stroke","CATEGORICAL","385","221","","","58.083842758675551"
"hyperlipidemia_f","No","No stroke","CATEGORICAL","10143","6845","","","67.780413868117591"
"hyperlipidemia_f","Yes","No stroke","CATEGORICAL","10143","3298","","","32.219586131882409"
